user_id,password_length,used_special_characters,keyboard_language,login_attempts,was_capslock_on,session_ip,browser_tab_count,challenge_sequence,timezone,typing_speed_wpm,risk_label,uses_special_char,capslock_on_flag,short_password_flag,many_login_attempts_flag,fast_typing_flag,timezone_offset_hours,risk_score_heuristic,security_outcome,target
b10380b3-3dba-4c61-b5f3-2dea6e2d205a,7,yes,FR,2,no,36.69.137.170,3,5-2-1-5-7,UTC+3,92,0,1,0,1,0,0,3.0,2.0,normal,0
de4dd3f1-b1b6-4b57-8385-4e830715a76f,11,no,FR,5,yes,219.145.14.3,7,7-6-4-8-1,UTC-5,120,1,0,1,0,1,0,-5.0,5.0,confirmed compromise,1
82e45eb5-af7a-4a6e-8514-6f356bf8e6a1,8,yes,DE,3,no,158.79.116.217,3,6-9-8-8-4,UTC-5,86,0,1,0,1,0,0,-5.0,2.0,normal,0
98adcc35-b3ce-4ce0-ae2f-421f4f7b15ea,11,yes,ES,4,yes,64.141.127.21,9,5-8-6-8-5,UTC+3,100,0,1,1,0,0,0,3.0,1.0,normal,0
ea3ad2b0-01c8-408c-8ae9-22570f35d8f7,19,no,EN,9,yes,213.247.22.141,4,2-6-6-4-1,UTC+1,93,1,0,1,0,1,0,1.0,5.0,suspected abuse,1
68c780c8-f835-4f79-bd31-f5a8700e7798,13,yes,EN,10,yes,135.203.130.105,2,1-3-1-7-6,UTC+3,68,0,1,1,0,1,0,3.0,3.0,normal,0
d33ef692-6538-46c0-9024-baec61658cb4,13,yes,DE,10,no,156.207.137.35,13,7-7-6-2-4,UTC+3,62,0,1,0,0,1,0,3.0,2.0,normal,0
047ced10-afaa-4611-a30e-0484f8eba577,15,yes,EN,9,yes,170.197.237.98,1,1-3-8-7-3,UTC+0,22,0,1,1,0,1,0,0.0,3.0,normal,0
fd23d147-a5a7-4d8b-9971-bc2ac8c9dba4,14,no,FR,1,no,147.228.144.136,4,3-4-7-2-3,UTC+3,118,0,0,0,0,0,0,3.0,2.0,normal,0
29f35842-297a-4469-af55-840a91379fd3,10,yes,FR,2,no,191.219.249.230,12,6-2-4-4-2,UTC+1,101,0,1,0,0,0,0,1.0,0.0,normal,0
cf947aef-a8b3-40f9-aabb-d779e830af65,18,no,EN,1,no,175.142.98.240,4,5-9-9-1-2,UTC+3,76,0,0,0,0,0,0,3.0,2.0,normal,0
f497ebe3-4098-42ce-b3f2-0dac36227e02,16,yes,EN,4,no,86.168.127.83,6,9-3-1-4-4,UTC-5,91,0,1,0,0,0,0,-5.0,0.0,normal,0
8b2076d0-da56-417f-94b8-d11ff0daa266,9,no,EN,7,yes,110.66.140.147,9,5-6-8-6-3,UTC+8,54,1,0,1,1,1,0,8.0,7.0,confirmed compromise,1
d64454fb-948c-4eb7-b7dc-649232dc3b74,9,yes,DE,7,no,149.160.30.210,11,8-4-6-6-7,UTC-5,82,1,1,0,1,1,0,-5.0,4.0,suspected abuse,1
db6e7b70-6974-4f0a-8a6b-95642af11764,18,no,FR,8,no,221.205.8.98,3,5-1-8-9-7,UTC-5,93,1,0,0,0,1,0,-5.0,4.0,confirmed compromise,1
1ab31436-283c-4830-ab2d-a66818acac67,15,yes,JP,9,no,195.52.5.196,13,9-4-4-3-7,UTC+1,85,0,1,0,0,1,0,1.0,2.0,normal,0
c1dbc00d-1192-473a-9e78-8bab42617aca,15,yes,CN,4,yes,218.97.6.81,9,2-7-9-5-8,UTC-5,103,0,1,1,0,0,0,-5.0,1.0,normal,0
2af36dbb-c314-4dd9-828d-8e774e8a1db5,7,no,JP,7,no,205.200.38.164,14,6-1-6-6-6,UTC+0,94,1,0,0,1,1,0,0.0,6.0,normal,0
1af4614b-362b-480b-b75a-a488533b2790,10,yes,DE,5,no,13.122.183.187,2,8-9-4-9-1,UTC+3,66,0,1,0,0,1,0,3.0,2.0,suspected abuse,1
965ae9a0-80c1-4a4b-9492-114cfbec2e38,19,yes,EN,8,no,65.34.209.173,11,2-3-2-2-1,UTC+0,41,0,1,0,0,1,0,0.0,2.0,normal,0
9b41852e-6b14-482a-8cc3-4dc79aee5778,16,yes,CN,8,no,198.126.83.127,1,3-5-3-6-7,UTC+1,81,0,1,0,0,1,0,1.0,2.0,normal,0
55a8dd13-3fb3-4888-9203-8584c3a1c3ca,8,yes,DE,6,yes,171.165.153.212,13,1-6-9-2-2,UTC+3,39,1,1,1,1,1,0,3.0,5.0,confirmed compromise,1
1bcd4900-7790-4cb4-938d-b20c263da8a2,14,yes,CN,2,no,115.159.189.12,2,3-8-3-1-3,UTC-7,72,0,1,0,0,0,0,-7.0,0.0,normal,0
1f01deb0-e900-4c03-9cc3-3d1133e41e62,7,no,DE,3,yes,173.159.28.252,3,1-6-3-9-9,UTC+3,32,1,0,1,1,0,0,3.0,5.0,normal,0
c723cc04-17e5-4684-89d8-a010ffccc3a9,11,no,FR,9,no,153.55.69.213,7,1-3-6-7-4,UTC+1,112,1,0,0,0,1,0,1.0,4.0,confirmed compromise,1
1faf7e08-4bab-4c09-8cb2-543fae4bad09,13,yes,DE,8,no,221.233.6.23,12,7-5-5-4-3,UTC+1,88,0,1,0,0,1,0,1.0,2.0,normal,0
3d5b4788-7bac-4784-8a5b-b212e1e39546,16,yes,ES,9,no,201.33.128.249,12,2-6-9-4-3,UTC+3,88,0,1,0,0,1,0,3.0,2.0,normal,0
f76e8412-fb2b-47ce-93b8-fa563bc52df1,10,no,CN,6,yes,158.127.151.104,15,1-5-4-2-6,UTC-7,76,1,0,1,0,1,0,-7.0,5.0,confirmed compromise,1
1c5c15a7-6655-4b1d-8a3d-dee8d38a6bcd,17,no,FR,5,yes,155.0.235.241,5,7-8-8-1-6,UTC+1,78,1,0,1,0,1,0,1.0,5.0,confirmed compromise,1
1226bebe-d801-456a-ad9f-f158c7f73181,11,yes,CN,8,yes,147.9.149.199,1,7-3-4-6-4,UTC+1,69,0,1,1,0,1,0,1.0,3.0,normal,0
135ba6a5-d038-485b-9a17-1927e95b704c,15,yes,ES,1,yes,120.29.212.62,5,1-1-4-5-9,UTC-5,25,0,1,1,0,0,0,-5.0,1.0,normal,0
2c48f83a-e47e-4bfa-868b-64b4d33864a5,14,yes,FR,10,yes,172.253.195.127,15,1-1-3-6-1,UTC-7,60,0,1,1,0,1,0,-7.0,3.0,normal,0
e491fbf2-9647-4ac7-b900-13182e3d7387,12,yes,JP,2,yes,200.49.146.61,4,2-2-8-8-9,UTC-5,73,0,1,1,0,0,0,-5.0,1.0,normal,0
02744166-9de9-49e2-a379-21b7b43b83a1,12,yes,FR,9,no,202.194.254.32,13,3-3-6-5-9,UTC-7,89,0,1,0,0,1,0,-7.0,2.0,normal,0
71d76858-e62e-4c1d-b3c1-7013906bac4a,16,yes,DE,6,yes,39.91.5.212,3,5-8-5-8-4,UTC+8,101,0,1,1,0,1,0,8.0,3.0,normal,0
d04ad829-04b8-4e0a-87b6-3e1dca3ebd1a,13,no,ES,1,yes,196.188.21.196,2,4-5-3-5-5,UTC+3,114,0,0,1,0,0,0,3.0,3.0,normal,0
d2c870b8-221d-4d27-b4b0-21486225d312,15,yes,EN,10,yes,47.43.52.63,2,3-9-7-2-2,UTC+1,118,0,1,1,0,1,0,1.0,3.0,normal,0
4ede8956-819e-404b-bb07-99293cdea0e9,6,yes,EN,10,yes,195.221.111.229,3,1-5-5-9-5,UTC+1,23,1,1,1,1,1,0,1.0,5.0,confirmed compromise,1
4a7a4060-9a7f-4b9a-82a7-4cf59726fafd,15,no,EN,6,yes,176.240.156.111,10,9-9-1-7-9,UTC-7,108,1,0,1,0,1,0,-7.0,5.0,confirmed compromise,1
c2bb7dfb-4562-4ab6-a70b-c747c8f70ec4,6,yes,EN,10,yes,182.182.191.174,14,9-4-8-4-8,UTC-7,114,1,1,1,1,1,0,-7.0,5.0,confirmed compromise,1
bff0a9eb-f61a-40a2-8a2f-4d8cafe43f3a,17,yes,CN,4,yes,133.16.25.4,7,2-2-2-3-7,UTC+0,25,0,1,1,0,0,0,0.0,1.0,normal,0
d3552c3d-764f-4b8d-8a69-00fe4293955b,12,no,JP,9,yes,171.229.129.154,4,3-2-6-9-8,UTC-5,38,1,0,1,0,1,0,-5.0,5.0,suspected abuse,1
3dd60a6f-b33a-4916-9d2b-ff239b7a18c6,10,yes,DE,10,yes,14.143.190.230,13,4-2-5-4-3,UTC+3,97,0,1,1,0,1,0,3.0,3.0,normal,0
65c4faa0-2b02-4fbd-bc9e-ac8deda96822,17,yes,FR,1,yes,140.52.84.199,4,4-7-8-6-3,UTC-7,82,0,1,1,0,0,0,-7.0,1.0,suspected abuse,1
8a00312f-18d9-4532-beee-3d5a86768d88,11,yes,JP,9,yes,140.12.63.117,9,2-5-6-2-6,UTC+1,118,0,1,1,0,1,0,1.0,3.0,normal,0
fda21c78-5908-49b7-9638-0b4a6a413339,18,yes,CN,1,yes,56.16.172.52,12,5-9-4-1-5,UTC+0,101,0,1,1,0,0,0,0.0,1.0,normal,0
409fb7e4-0c83-4c59-ad2f-a4895ea9eb25,12,yes,EN,4,yes,88.155.109.61,8,9-8-9-3-7,UTC-7,99,0,1,1,0,0,0,-7.0,1.0,normal,0
49d0772a-4145-4378-90ac-f3f4b881fb1f,6,yes,DE,4,yes,30.134.147.172,9,3-1-6-6-4,UTC+1,85,0,1,1,1,0,0,1.0,3.0,normal,0
c29990d3-9bb6-4370-927e-1911e580c3c4,16,yes,FR,6,yes,193.125.115.141,10,7-9-9-4-3,UTC+8,81,0,1,1,0,1,0,8.0,3.0,suspected abuse,1
3525967e-11eb-4755-b4f7-203dc0eac0c2,18,no,ES,5,no,27.119.154.134,6,5-8-1-9-4,UTC+3,109,1,0,0,0,1,0,3.0,4.0,confirmed compromise,1
2e23cf2c-dd41-481e-b67a-0e481049a529,8,no,JP,1,no,219.217.169.246,5,7-5-3-9-4,UTC+0,66,1,0,0,1,0,0,0.0,4.0,confirmed compromise,1
ec5873f7-1530-400c-ba53-5642d30dc4b4,6,yes,DE,1,yes,136.101.169.127,8,8-5-7-4-6,UTC+1,21,0,1,1,1,0,0,1.0,3.0,normal,0
9080b7ea-5311-4695-8d70-98c19e85cfaa,20,yes,FR,8,yes,215.170.141.85,9,8-4-5-6-1,UTC+8,115,0,1,1,0,1,0,8.0,3.0,normal,0
e0047f3e-aec3-4290-8775-f824954c6f74,9,yes,FR,3,no,219.245.16.241,2,5-1-1-1-2,UTC+8,98,0,1,0,1,0,0,8.0,2.0,normal,0
c72686a0-5799-4b4e-9391-1f3c99dddb83,6,yes,CN,8,no,220.80.115.194,9,4-9-2-1-3,UTC-7,108,1,1,0,1,1,0,-7.0,4.0,confirmed compromise,1
1e1ace93-f971-47ef-9453-9691c88cfb94,7,no,DE,1,no,154.14.10.247,8,4-6-2-2-5,UTC-5,61,1,0,0,1,0,0,-5.0,4.0,confirmed compromise,1
6f8791b7-9959-4f21-8b49-7ce3687a1752,15,no,ES,2,yes,180.27.195.232,9,4-6-2-8-3,UTC+0,74,0,0,1,0,0,0,0.0,3.0,normal,0
c50d795b-785b-4424-93e2-1b683e0ff21d,10,yes,CN,7,yes,139.105.9.140,6,2-9-1-1-3,UTC+8,70,0,1,1,0,1,0,8.0,3.0,normal,0
46657abb-9767-4500-8aa7-a9ec17d21b89,9,no,ES,1,no,34.207.41.250,7,9-5-3-6-2,UTC-7,41,1,0,0,1,0,0,-7.0,4.0,normal,0
577bbd0f-b3ab-464b-b7aa-1c256979afc8,14,yes,EN,3,no,197.209.23.172,9,3-4-2-8-4,UTC+3,81,0,1,0,0,0,0,3.0,0.0,normal,0
135d3f6a-0105-46e1-be3d-6166f875e314,6,yes,DE,8,yes,195.140.209.27,6,7-1-2-1-7,UTC+1,111,1,1,1,1,1,0,1.0,5.0,suspected abuse,1
ce4c3cb9-0140-434f-af6d-a74d6bc3662d,18,yes,CN,6,no,192.3.136.224,10,2-8-8-3-1,UTC+0,53,0,1,0,0,1,0,0.0,2.0,normal,0
f5a19c8e-aab0-489e-a8cd-d6541b29ecfe,12,yes,EN,4,no,198.49.186.139,12,3-4-7-8-2,UTC-5,83,0,1,0,0,0,0,-5.0,0.0,normal,0
7946ccf8-f5cc-486c-a466-b36ce0f43ea7,8,no,JP,4,yes,143.69.190.208,6,4-2-2-5-2,UTC-5,112,1,0,1,1,0,0,-5.0,5.0,confirmed compromise,1
1136885c-4040-4d2f-962e-478f0b3bf383,13,yes,EN,8,no,146.245.190.76,6,4-9-1-4-3,UTC-7,92,0,1,0,0,1,0,-7.0,2.0,normal,0
e830f19b-43c6-44a1-8665-580730ffc588,10,no,DE,8,no,80.71.114.123,15,1-3-7-2-7,UTC-7,76,1,0,0,0,1,0,-7.0,4.0,confirmed compromise,1
55d1b0e4-5bf1-4f9a-b8e1-3cf7dfc4c043,12,yes,JP,8,no,162.70.70.156,11,9-1-4-1-7,UTC+3,98,0,1,0,0,1,0,3.0,2.0,normal,0
59f51e7e-7c90-49ba-9ac9-9941b0c3de5c,10,no,CN,10,no,206.78.232.67,11,2-4-5-6-5,UTC-7,42,1,0,0,0,1,0,-7.0,4.0,suspected abuse,1
862ff330-f25b-4462-9277-4dfef868b73a,10,no,DE,6,yes,174.129.88.163,1,7-8-1-3-3,UTC+1,38,1,0,1,0,1,0,1.0,5.0,confirmed compromise,1
fb7c5f0f-a3ad-4e09-9b3f-a1f1e3567cba,7,no,EN,4,no,138.100.241.132,3,9-5-6-4-5,UTC+8,90,1,0,0,1,0,0,8.0,4.0,confirmed compromise,1
7f2e4284-8876-4bd8-83cd-8f10b3ae525b,18,no,EN,10,no,220.179.69.89,6,9-7-5-2-9,UTC+1,109,1,0,0,0,1,0,1.0,4.0,normal,0
a4c2a232-0ff2-45f2-a5d7-2b7d0f131691,20,yes,EN,3,no,157.221.223.70,2,8-7-2-3-8,UTC-5,106,0,1,0,0,0,0,-5.0,0.0,normal,0
4bab386e-a0c3-49ee-a14f-82b040f7016d,11,yes,DE,4,yes,34.148.23.60,4,4-7-6-1-4,UTC-7,64,0,1,1,0,0,0,-7.0,1.0,normal,0
cf09dcc0-1f6c-4ae3-87d7-65c4bdd4a6d1,10,no,JP,10,yes,211.234.187.181,14,2-2-5-3-6,UTC-7,68,1,0,1,0,1,0,-7.0,5.0,normal,0
1af38d78-ab5e-4b8a-bd91-ff72d39b809c,14,no,EN,3,no,92.163.186.161,3,6-7-9-5-7,UTC+8,51,0,0,0,0,0,0,8.0,2.0,normal,0
615625ca-7b76-48a1-b542-16db0b83e929,12,yes,ES,8,yes,210.178.43.73,1,3-1-8-8-3,UTC+1,113,0,1,1,0,1,0,1.0,3.0,normal,0
90e4e224-4780-4f67-9cf2-b16eb8bfa806,6,no,EN,5,yes,183.140.165.208,12,5-8-8-1-6,UTC+0,45,1,0,1,1,1,0,0.0,7.0,confirmed compromise,1
04b92eed-a393-4e65-bb1d-c1c758723881,19,no,EN,6,yes,140.59.57.255,8,6-8-6-7-8,UTC+1,50,1,0,1,0,1,0,1.0,5.0,confirmed compromise,1
69f9b428-5327-443e-bbf3-4514aeb634b3,20,no,JP,8,no,137.35.118.161,10,8-9-2-2-1,UTC-5,30,1,0,0,0,1,0,-5.0,4.0,suspected abuse,1
5aa2f3f4-2b7c-4eac-afe6-2c996634730f,19,no,DE,8,no,197.132.181.51,13,2-5-2-1-4,UTC+0,89,1,0,0,0,1,0,0.0,4.0,confirmed compromise,1
329bc9f5-b55e-4963-be03-7ed8d1f33ffb,19,yes,EN,1,no,155.163.234.90,9,4-2-2-3-8,UTC+8,116,0,1,0,0,0,0,8.0,0.0,normal,0
4706c086-2067-4f8f-a181-ddf8dad8ee2f,13,no,ES,7,yes,211.75.110.44,4,8-2-2-3-9,UTC+8,96,1,0,1,0,1,0,8.0,5.0,confirmed compromise,1
697d3bd1-3a87-48f9-95e6-3221de06d7f0,12,no,CN,2,no,198.59.207.144,15,1-6-9-8-6,UTC-5,112,0,0,0,0,0,0,-5.0,2.0,suspected abuse,1
0cb0db4e-6d5f-43f5-80f5-7c3b0df1ca09,11,yes,ES,7,yes,118.197.18.48,10,5-2-6-7-7,UTC+1,41,0,1,1,0,1,0,1.0,3.0,normal,0
4dcc64a2-0cba-4014-a8d2-a696b4205dd9,10,no,EN,9,no,99.203.137.29,1,2-7-5-3-6,UTC-7,103,1,0,0,0,1,0,-7.0,4.0,confirmed compromise,1
18be5069-887a-4970-b172-80e29e6b70ba,17,yes,DE,7,no,49.134.37.235,8,8-2-4-7-2,UTC+0,88,0,1,0,0,1,0,0.0,2.0,normal,0
f9c05362-c7f8-4eab-9ac0-62b1ca5bed55,17,yes,ES,4,no,79.71.237.117,1,1-2-3-6-7,UTC+0,64,0,1,0,0,0,0,0.0,0.0,normal,0
b0df0209-c089-44d3-81ca-f1024085605c,17,yes,JP,5,no,212.190.72.118,6,6-3-8-7-5,UTC+1,77,0,1,0,0,1,0,1.0,2.0,normal,0
9c4e306a-57c0-4759-b678-2de48d8e9881,10,no,JP,9,no,124.182.220.254,9,5-5-2-3-3,UTC-5,107,1,0,0,0,1,0,-5.0,4.0,normal,0
01d5d0a7-d8be-45f6-a88b-95a18f89a0c5,16,no,DE,1,yes,98.207.172.146,14,1-7-6-4-6,UTC-7,58,0,0,1,0,0,0,-7.0,3.0,normal,0
f2c1a315-cc48-4937-b5eb-bf2089cf8f38,19,no,FR,4,no,203.38.124.164,2,7-9-5-3-2,UTC+3,30,0,0,0,0,0,0,3.0,2.0,normal,0
8e694bac-2518-4ef8-9946-75b521a4850a,6,no,JP,3,no,16.102.208.167,3,1-9-4-8-9,UTC-5,23,1,0,0,1,0,0,-5.0,4.0,confirmed compromise,1
a226f4c0-ee86-42a4-93d0-be101510758d,13,no,EN,2,no,19.249.174.125,6,5-8-5-6-4,UTC+1,106,0,0,0,0,0,0,1.0,2.0,normal,0
1c409d1a-0d7d-4797-9c31-59f6c74c03ab,8,yes,JP,3,no,222.150.78.56,13,3-5-2-6-1,UTC-5,108,0,1,0,1,0,0,-5.0,2.0,normal,0
97d708ed-237d-4ff3-a3ba-7e460e37beee,16,no,EN,6,yes,77.144.95.147,1,7-5-8-8-3,UTC+8,108,1,0,1,0,1,0,8.0,5.0,suspected abuse,1
954c966e-3e01-446b-bfb8-ff86b70ea4ea,10,yes,ES,4,yes,138.80.147.240,5,6-7-5-6-6,UTC-5,28,0,1,1,0,0,0,-5.0,1.0,normal,0
3ad7caed-1378-4d19-8c1a-ffe906d1957d,12,no,CN,6,no,218.187.224.61,7,9-2-9-9-8,UTC-7,24,1,0,0,0,1,0,-7.0,4.0,suspected abuse,1
64b25276-b2a6-4e16-b6e1-276231fcbf7c,16,yes,CN,2,yes,29.50.122.19,13,2-9-5-6-8,UTC+8,90,0,1,1,0,0,0,8.0,1.0,normal,0
2682f6c3-bcb8-4e9e-a58b-4d13ea87edd0,6,no,EN,1,yes,152.232.14.0,15,9-4-8-2-9,UTC-7,49,1,0,1,1,0,0,-7.0,5.0,confirmed compromise,1
542970cf-3495-4fc1-8b5b-9719b384fc0d,9,no,CN,3,yes,181.186.159.168,5,1-7-1-1-6,UTC-7,89,1,0,1,1,0,0,-7.0,5.0,confirmed compromise,1
8555df53-4727-4030-8fbf-06d643bb52b1,8,no,DE,3,yes,131.110.118.163,4,9-5-3-4-4,UTC-5,84,1,0,1,1,0,0,-5.0,5.0,confirmed compromise,1
827e3517-d17d-4679-8776-98c11d6dcb8b,18,yes,ES,7,yes,220.13.112.126,7,9-7-2-2-8,UTC-5,111,0,1,1,0,1,0,-5.0,3.0,normal,0
c718df13-4ac1-4dbe-aa45-2cedad598714,7,no,DE,7,yes,156.22.208.33,7,1-2-7-3-6,UTC+0,67,1,0,1,1,1,0,0.0,7.0,suspected abuse,1
277adabd-097b-453c-b80c-63e7f21ec06b,15,no,EN,8,no,202.176.36.22,13,8-4-5-2-7,UTC-5,77,1,0,0,0,1,0,-5.0,4.0,suspected abuse,1
ed476894-7667-4d47-ba51-d2243498c88c,10,yes,CN,4,no,206.118.57.194,7,2-7-5-1-9,UTC+3,80,0,1,0,0,0,0,3.0,0.0,normal,0
b2c632d2-08cd-4dff-b774-04f3e84c100e,13,yes,FR,2,yes,220.244.61.226,7,7-6-8-1-9,UTC+1,81,0,1,1,0,0,0,1.0,1.0,normal,0
18530868-c5d2-4377-97d1-2dcb82e968d7,15,yes,JP,4,no,132.175.194.37,13,1-9-7-9-6,UTC+3,47,0,1,0,0,0,0,3.0,0.0,normal,0
0b74e28a-7bf9-4656-bc8c-2f2caee9cd49,15,yes,FR,1,no,105.42.162.2,12,1-6-5-9-5,UTC+8,95,0,1,0,0,0,0,8.0,0.0,normal,0
91245cdc-66c8-455b-aa53-e75817e7c50b,12,yes,ES,3,yes,144.196.229.232,6,2-9-9-1-4,UTC-5,107,0,1,1,0,0,0,-5.0,1.0,normal,0
2cafab3e-6ece-43e6-ada2-7639c93ba4c9,9,no,CN,7,yes,189.167.1.28,12,5-9-3-1-7,UTC+3,32,1,0,1,1,1,0,3.0,7.0,suspected abuse,1
2c2d6ee8-f831-4bf4-ad78-d19215868225,9,no,DE,2,no,44.244.217.47,13,8-5-1-4-6,UTC+1,87,1,0,0,1,0,0,1.0,4.0,confirmed compromise,1
2a4fb958-aa72-49f8-90fa-8c909733451e,9,yes,FR,8,no,146.213.38.231,10,9-8-9-1-6,UTC+0,71,1,1,0,1,1,0,0.0,4.0,confirmed compromise,1
f256af72-f5a8-4612-bd98-36d550a4dee6,11,yes,FR,4,yes,83.53.248.231,3,1-4-8-9-2,UTC-7,78,0,1,1,0,0,0,-7.0,1.0,normal,0
c8f714ed-74af-44f3-b221-4f0b5fc045dc,12,no,CN,8,yes,67.166.222.246,5,5-4-3-4-8,UTC+3,50,1,0,1,0,1,0,3.0,5.0,confirmed compromise,1
18770a0b-3754-4759-8e72-b3341f2eb516,17,yes,ES,5,no,212.245.245.189,3,9-9-3-6-3,UTC-5,98,0,1,0,0,1,0,-5.0,2.0,normal,0
d590087d-d48a-4a11-9b6b-2bf9cd63449c,16,no,FR,6,no,178.140.208.223,6,7-4-4-1-3,UTC-5,59,1,0,0,0,1,0,-5.0,4.0,confirmed compromise,1
0352b35f-cf5b-4a01-afaf-65d5843d3e00,15,yes,EN,7,no,168.236.58.85,14,8-8-8-3-3,UTC+3,112,0,1,0,0,1,0,3.0,2.0,normal,0
a2d4c120-f8f2-470f-bc8e-3a78e9e73f34,19,yes,ES,3,yes,74.110.5.64,11,3-1-4-8-8,UTC+3,59,0,1,1,0,0,0,3.0,1.0,normal,0
1a3d7790-0b34-4949-a0bd-bf6071595144,18,yes,EN,3,no,196.52.2.251,6,3-3-5-2-4,UTC+8,59,0,1,0,0,0,0,8.0,0.0,normal,0
3530c5e7-d34b-4c83-b626-716ac0bf2241,12,no,JP,5,no,70.138.27.2,13,8-8-9-1-2,UTC+8,68,1,0,0,0,1,0,8.0,4.0,confirmed compromise,1
bff8eab6-034c-493f-b736-6688a0758737,19,yes,EN,4,yes,210.174.97.239,12,3-3-4-3-1,UTC+3,59,0,1,1,0,0,0,3.0,1.0,normal,0
92d6279f-ee4e-4894-9469-591d7511aae7,20,no,FR,2,no,202.181.0.42,9,9-4-2-1-5,UTC+3,30,0,0,0,0,0,0,3.0,2.0,suspected abuse,1
bf896a4d-393a-4b2a-a3f8-3cd784b9d893,18,no,CN,8,yes,187.65.215.175,14,7-1-1-1-6,UTC+8,40,1,0,1,0,1,0,8.0,5.0,confirmed compromise,1
c55ac063-e06b-483b-9521-62f045017e73,13,yes,FR,6,yes,152.55.171.100,10,1-7-4-4-4,UTC+0,48,0,1,1,0,1,0,0.0,3.0,normal,0
c36c8d82-9cd0-45a8-8b53-8bb8b891b070,20,yes,FR,8,yes,176.179.206.235,7,7-9-5-6-2,UTC+0,88,0,1,1,0,1,0,0.0,3.0,normal,0
284c6f48-06fc-4f0f-a65d-67356100a5fd,6,yes,EN,8,no,36.192.83.98,13,3-8-7-6-6,UTC+3,24,1,1,0,1,1,0,3.0,4.0,suspected abuse,1
effe0d64-ac79-4a73-9294-10f9af0336bc,7,no,JP,9,yes,178.118.60.60,12,5-3-7-9-9,UTC-5,26,1,0,1,1,1,0,-5.0,7.0,confirmed compromise,1
05a6d541-0547-4fb3-9af2-b4b2c7d2d6e2,7,yes,JP,4,no,167.112.37.58,5,5-5-3-8-6,UTC+1,35,0,1,0,1,0,0,1.0,2.0,normal,0
44f81408-2bb7-4d0e-b5a6-dd7e49efe743,15,yes,ES,9,yes,96.221.72.111,15,5-9-2-7-4,UTC-7,62,0,1,1,0,1,0,-7.0,3.0,normal,0
7ee832b4-c09d-4b29-a953-ee8d635d8dcf,12,no,FR,4,no,182.127.164.49,4,4-5-4-9-7,UTC+8,33,0,0,0,0,0,0,8.0,2.0,normal,0
669beb0e-456e-4f31-aca2-7ac776dfa13f,9,yes,FR,7,no,194.86.145.4,12,5-7-6-8-6,UTC+8,64,1,1,0,1,1,0,8.0,4.0,suspected abuse,1
773ae6e4-e149-4801-9bbc-338a2f6dbc04,10,yes,ES,8,yes,174.115.249.59,4,9-4-1-5-3,UTC+0,83,0,1,1,0,1,0,0.0,3.0,normal,0
961d9069-4e12-4cbb-ae41-24d17e19179b,12,no,FR,8,no,88.4.120.26,2,5-6-7-4-9,UTC+8,28,1,0,0,0,1,0,8.0,4.0,normal,0
fa910db2-2335-4383-a009-ab4112607002,9,no,CN,2,no,20.177.128.182,3,7-6-2-3-6,UTC+8,62,1,0,0,1,0,0,8.0,4.0,suspected abuse,1
de85c6cf-2de4-4404-a491-e55d7b54a60b,9,no,CN,6,yes,192.100.214.193,9,5-9-3-1-1,UTC-7,96,1,0,1,1,1,0,-7.0,7.0,normal,0
0109c4e2-6013-486f-8965-aeabbfdd6a48,8,yes,EN,2,no,105.35.2.138,15,6-4-7-7-3,UTC-7,85,0,1,0,1,0,0,-7.0,2.0,normal,0
b593a331-b325-4083-906d-27470389e96a,9,no,DE,1,no,131.158.155.214,2,9-1-7-6-4,UTC+3,78,1,0,0,1,0,0,3.0,4.0,confirmed compromise,1
1fd7e4aa-678f-4c36-a637-2255b06ddfe4,20,no,DE,10,yes,197.40.50.244,15,1-5-5-6-8,UTC+8,33,1,0,1,0,1,0,8.0,5.0,normal,0
52f536c2-5536-44c3-9f43-c08d1e021792,14,yes,FR,4,no,23.186.244.160,1,1-8-9-4-9,UTC-5,88,0,1,0,0,0,0,-5.0,0.0,normal,0
89963819-4bfb-4f90-83fa-4c6c96b73f0a,11,no,DE,2,yes,13.198.170.106,5,2-6-5-4-2,UTC-7,54,0,0,1,0,0,0,-7.0,3.0,normal,0
df34f7cb-5936-4fab-bee3-d89e82283077,17,no,EN,8,no,164.70.36.21,6,7-5-8-3-5,UTC-7,35,1,0,0,0,1,0,-7.0,4.0,suspected abuse,1
5b523792-7ab2-4d2f-a4ca-a0f845766d9d,16,no,JP,5,yes,217.156.157.165,2,8-5-2-2-1,UTC+8,27,1,0,1,0,1,0,8.0,5.0,suspected abuse,1
5e3bbad8-c07c-4991-b4c1-16ea8aa6f81c,18,no,CN,4,no,122.160.141.202,10,1-2-1-2-2,UTC+3,46,0,0,0,0,0,0,3.0,2.0,normal,0
ade4c834-5dab-4c94-bc2a-b2c083ead3fc,11,yes,FR,8,yes,116.5.224.214,14,4-4-5-6-5,UTC-7,68,0,1,1,0,1,0,-7.0,3.0,normal,0
6b16c1c1-92bd-455d-bf67-7b1ad365550a,8,yes,DE,7,no,188.82.154.4,11,3-1-3-8-6,UTC+1,41,1,1,0,1,1,0,1.0,4.0,suspected abuse,1
ff37fac9-1f40-4a78-934b-20e9b138131d,15,yes,CN,8,yes,122.39.55.166,15,7-9-1-4-3,UTC+3,117,0,1,1,0,1,0,3.0,3.0,normal,0
e9090e7a-2ecf-4345-bbbf-896ed686378b,8,yes,JP,9,no,221.52.147.225,14,2-2-8-3-3,UTC+0,86,1,1,0,1,1,0,0.0,4.0,confirmed compromise,1
0f4753b9-b025-44cf-86d5-6029c8b88632,15,no,CN,9,yes,175.114.167.135,11,7-1-6-7-4,UTC+3,61,1,0,1,0,1,0,3.0,5.0,confirmed compromise,1
a7953ece-79d3-47a6-b898-3dc78226f995,20,no,JP,8,yes,219.97.95.52,3,1-7-5-5-8,UTC+3,70,1,0,1,0,1,0,3.0,5.0,confirmed compromise,1
30a43898-25fc-4c20-b57a-1c48a38fd89d,8,no,EN,1,no,109.169.151.216,13,5-6-7-8-6,UTC+0,38,1,0,0,1,0,0,0.0,4.0,confirmed compromise,1
10a534ef-6c19-4187-9acd-082891ecdc37,20,no,CN,10,yes,178.186.126.225,8,5-3-7-5-3,UTC-7,117,1,0,1,0,1,0,-7.0,5.0,normal,0
203ccabd-b49a-400d-b17a-cc8aed29c789,12,no,FR,3,yes,205.244.13.65,3,9-1-9-7-8,UTC+0,113,0,0,1,0,0,0,0.0,3.0,normal,0
c06e5345-1bae-479d-be70-cc76e0c9799b,8,no,CN,9,yes,16.21.207.63,12,3-3-6-2-3,UTC-5,58,1,0,1,1,1,0,-5.0,7.0,suspected abuse,1
aeb8f1b9-e4b9-4ae8-8dae-0a9616cfa6e0,19,yes,EN,6,no,199.79.214.43,12,8-5-4-7-7,UTC+3,111,0,1,0,0,1,0,3.0,2.0,normal,0
604f0ce7-1d18-45ec-9d9e-77c6c463f495,11,yes,DE,6,no,214.5.55.113,5,6-9-9-4-6,UTC-7,89,0,1,0,0,1,0,-7.0,2.0,normal,0
8b978a4d-cefc-4b43-8bb7-cc678d87c359,7,no,DE,7,no,109.135.235.89,8,1-8-8-8-7,UTC-5,61,1,0,0,1,1,0,-5.0,6.0,suspected abuse,1
f8575edf-afb7-4f45-9599-b3ae1897c7e2,11,no,CN,9,yes,46.78.72.220,13,6-5-7-5-5,UTC-7,93,1,0,1,0,1,0,-7.0,5.0,confirmed compromise,1
9e63fec3-bda8-44cc-8b7a-20f260830503,9,yes,FR,6,no,103.58.218.39,10,2-3-7-2-2,UTC+8,72,1,1,0,1,1,0,8.0,4.0,suspected abuse,1
2f390b9c-5837-4e6b-945a-94d4fe3db18a,20,yes,FR,6,yes,220.253.246.132,6,1-4-8-7-4,UTC+8,69,0,1,1,0,1,0,8.0,3.0,normal,0
99c0827e-70fc-4091-aee9-4a149307ea76,17,yes,ES,9,no,129.22.25.5,8,9-8-4-8-5,UTC+3,96,0,1,0,0,1,0,3.0,2.0,normal,0
6b754162-cfc0-4fe9-8f15-33d6b4d92dd3,16,no,FR,4,no,39.22.149.52,14,6-1-4-1-9,UTC+0,73,0,0,0,0,0,0,0.0,2.0,normal,0
6c54867e-6c1b-4515-9569-1a6311d16079,10,no,CN,9,no,216.195.233.81,10,7-1-7-9-2,UTC+1,77,1,0,0,0,1,0,1.0,4.0,confirmed compromise,1
fe5bdf93-9d0d-46e8-8dcf-53f33407fc87,9,yes,DE,3,no,148.184.21.81,5,4-8-3-8-6,UTC+8,38,0,1,0,1,0,0,8.0,2.0,normal,0
f17fb749-59e1-4811-928e-979617be66e3,15,yes,EN,2,no,117.10.212.54,7,3-8-3-9-5,UTC+8,70,0,1,0,0,0,0,8.0,0.0,normal,0
8411eeed-3e70-4a08-bb83-61ad0abbca04,19,yes,JP,7,no,200.229.47.87,15,3-6-8-4-3,UTC+8,75,0,1,0,0,1,0,8.0,2.0,normal,0
fdfd76f8-0002-4099-a3bb-328e4ebca147,15,yes,CN,6,no,221.98.152.233,6,5-1-7-9-4,UTC+3,109,0,1,0,0,1,0,3.0,2.0,normal,0
cb6e2a3f-2c15-41f8-bfee-dac14f96f819,16,yes,FR,6,yes,14.193.167.125,8,5-4-2-1-5,UTC+3,86,0,1,1,0,1,0,3.0,3.0,normal,0
81debc35-901a-44e2-8abf-e416481a7ceb,19,no,ES,5,yes,141.211.57.29,6,9-8-9-8-3,UTC-7,71,1,0,1,0,1,0,-7.0,5.0,confirmed compromise,1
150666da-617d-4456-b40b-b2daa40c8434,19,yes,DE,9,no,151.4.0.244,6,7-4-5-4-6,UTC+1,40,0,1,0,0,1,0,1.0,2.0,normal,0
d6eaea5e-3290-4385-8513-a4454bfb3acd,7,yes,CN,6,yes,213.198.17.60,10,3-9-9-8-5,UTC+1,78,1,1,1,1,1,0,1.0,5.0,confirmed compromise,1
58c58dd3-2e33-49cb-b22f-4b3ce418be0e,7,no,ES,9,yes,223.10.84.181,15,3-1-9-4-6,UTC+1,66,1,0,1,1,1,0,1.0,7.0,confirmed compromise,1
3c5c3cf0-2003-4787-85d4-144beae12447,17,yes,DE,5,yes,199.171.75.193,11,8-2-1-2-9,UTC+8,65,0,1,1,0,1,0,8.0,3.0,normal,0
9670acc8-bba1-4964-ba16-0e1cbe0ebb3a,17,yes,JP,1,no,219.12.24.136,1,7-2-4-8-4,UTC+8,24,0,1,0,0,0,0,8.0,0.0,normal,0
b9f0169c-368c-4cac-984b-f828f9a8096f,12,yes,CN,4,no,143.8.160.248,5,7-5-9-1-7,UTC+0,105,0,1,0,0,0,0,0.0,0.0,normal,0
9900b455-493f-4fdd-a63a-a79887c33470,6,yes,FR,2,no,175.124.129.178,7,9-6-6-6-6,UTC-5,96,0,1,0,1,0,0,-5.0,2.0,normal,0
becb3af4-e54a-4ed5-a356-e1912658c4b4,13,no,JP,1,yes,204.60.245.251,4,6-6-8-7-9,UTC+1,106,0,0,1,0,0,0,1.0,3.0,normal,0
e6f287ce-b621-45eb-b8d7-2b2440778a2e,11,yes,FR,5,no,199.165.231.179,11,1-2-4-7-4,UTC+8,50,0,1,0,0,1,0,8.0,2.0,normal,0
49ebdfa8-4dec-43c1-beae-c96050105f20,15,no,EN,10,no,69.40.13.185,4,2-5-5-9-6,UTC+0,45,1,0,0,0,1,0,0.0,4.0,confirmed compromise,1
1c8cffcd-baa6-4f5f-a6c3-ba6e32f2b3ba,6,yes,JP,4,yes,207.37.102.107,4,6-4-1-9-5,UTC+0,82,0,1,1,1,0,0,0.0,3.0,normal,0
360d5b73-fc99-4765-8c64-21948a21ccd1,10,no,ES,2,no,35.121.66.62,4,5-1-5-1-8,UTC+3,41,0,0,0,0,0,0,3.0,2.0,normal,0
10673680-be8c-41ba-965f-44a95c85c569,18,yes,CN,6,yes,221.88.103.52,8,8-1-1-3-2,UTC+8,57,0,1,1,0,1,0,8.0,3.0,normal,0
f8b66c7b-b834-43c0-9c2e-fcfe0c804512,9,yes,EN,5,no,71.177.79.239,7,6-3-3-8-4,UTC+3,22,1,1,0,1,1,0,3.0,4.0,suspected abuse,1
41ef6555-4dc8-44d7-a8ff-41e464d5e39e,19,no,EN,9,no,188.132.120.221,11,4-8-1-7-4,UTC-5,46,1,0,0,0,1,0,-5.0,4.0,confirmed compromise,1
e4d001c2-2370-43d0-ac34-b988f697bcdc,12,no,CN,4,no,26.49.198.158,15,9-9-2-4-1,UTC-5,58,0,0,0,0,0,0,-5.0,2.0,normal,0
d1fac75c-55c6-481d-a5ff-926d6bf31136,12,yes,DE,1,yes,71.48.85.103,1,1-8-4-1-7,UTC+3,44,0,1,1,0,0,0,3.0,1.0,suspected abuse,1
38173855-6c03-4cd5-91ea-5b57ae468d19,10,no,JP,3,yes,25.29.110.188,11,1-6-9-9-3,UTC-5,79,0,0,1,0,0,0,-5.0,3.0,normal,0
103253f7-d986-40c0-9729-b2ee3061945d,9,yes,CN,1,yes,95.200.182.44,5,8-9-9-9-6,UTC-5,88,0,1,1,1,0,0,-5.0,3.0,normal,0
3a10ed52-cbf6-49f6-bf12-18407c989e9e,13,no,JP,6,no,206.90.26.101,13,9-1-9-8-7,UTC+0,37,1,0,0,0,1,0,0.0,4.0,confirmed compromise,1
28f69b12-fc3e-4d38-a8b9-c31410b17b18,7,no,JP,8,no,100.166.224.64,4,4-7-8-3-4,UTC+3,29,1,0,0,1,1,0,3.0,6.0,confirmed compromise,1
478f9133-61e3-4e93-a247-8d2e5647829e,19,no,JP,5,no,130.114.12.225,15,6-6-6-1-9,UTC+3,117,1,0,0,0,1,0,3.0,4.0,normal,0
49daaec8-ce86-4be3-a91e-4947c2c03566,16,yes,DE,2,yes,61.21.189.244,3,3-8-1-6-1,UTC+0,36,0,1,1,0,0,0,0.0,1.0,normal,0
f63212bc-5398-412b-ad27-60fbe17aa361,8,yes,JP,5,no,140.214.168.158,4,4-4-4-6-9,UTC+8,31,1,1,0,1,1,0,8.0,4.0,confirmed compromise,1
d9814b94-0629-4406-8104-ff6dbfbb30e0,15,no,CN,3,no,213.99.178.210,1,9-8-4-1-7,UTC-5,80,0,0,0,0,0,0,-5.0,2.0,normal,0
ed5654b4-92cd-4349-ae28-542edb89116b,10,no,FR,10,yes,22.103.248.244,1,1-6-9-7-9,UTC-5,86,1,0,1,0,1,0,-5.0,5.0,suspected abuse,1
3b746c4b-1203-44e2-9489-f87f58f420d1,11,yes,DE,1,yes,165.72.92.52,14,3-4-2-2-4,UTC-5,87,0,1,1,0,0,0,-5.0,1.0,normal,0
e45bc62e-9594-4f52-878b-b39b5799c49d,14,yes,ES,1,no,169.108.167.195,4,4-3-6-7-5,UTC-7,106,0,1,0,0,0,0,-7.0,0.0,normal,0
9ce7a88b-abf6-4720-8fcb-1e4fd212df28,6,no,JP,7,yes,54.225.223.161,12,2-8-2-2-3,UTC+3,25,1,0,1,1,1,0,3.0,7.0,suspected abuse,1
5cd5931d-e6ce-4925-80e6-6bc30fec2693,6,yes,EN,4,yes,222.1.135.93,9,9-5-9-2-9,UTC-7,83,0,1,1,1,0,0,-7.0,3.0,normal,0
74b897e3-0c82-483e-b840-f752d1168803,8,no,CN,10,yes,181.96.243.110,14,3-6-2-2-4,UTC+3,75,1,0,1,1,1,0,3.0,7.0,confirmed compromise,1
9f039bd1-bf69-482d-a570-a90aabbee6f0,7,no,FR,3,yes,190.182.130.118,12,3-4-7-4-6,UTC-5,49,1,0,1,1,0,0,-5.0,5.0,confirmed compromise,1
10b0f415-60e2-42dc-bb7f-6fadce2739f4,18,no,ES,7,no,161.181.88.171,2,9-5-3-7-3,UTC-5,109,1,0,0,0,1,0,-5.0,4.0,normal,0
907120ff-05fe-442c-a2a2-7a9cf9603aca,20,yes,DE,4,no,197.56.218.33,9,7-1-3-2-3,UTC+8,56,0,1,0,0,0,0,8.0,0.0,normal,0
e2f03d44-2d48-44d7-8014-c6d4f43351c3,19,yes,CN,8,yes,42.190.211.102,2,5-3-4-8-8,UTC-7,64,0,1,1,0,1,0,-7.0,3.0,normal,0
0e4db6c6-77dd-4a8b-999c-b93a1ccf7513,16,no,FR,3,no,197.113.196.222,15,5-4-4-4-3,UTC+0,53,0,0,0,0,0,0,0.0,2.0,normal,0
3ed82667-908b-431d-b0f9-5fa7bfc70638,17,yes,ES,2,yes,194.245.130.221,2,4-1-5-7-1,UTC+8,87,0,1,1,0,0,0,8.0,1.0,normal,0
0ce2e334-bd8f-449c-bcdf-510dcd675e85,15,yes,DE,3,no,51.241.187.98,10,6-5-1-6-3,UTC+3,31,0,1,0,0,0,0,3.0,0.0,normal,0
f2268754-66bd-4944-a71c-2558efb8faf5,19,yes,CN,4,no,196.174.117.63,2,3-8-1-6-8,UTC-5,71,0,1,0,0,0,0,-5.0,0.0,normal,0
fee0b5f1-308c-4213-8bd7-3512a9c2f185,16,yes,DE,1,yes,52.47.11.182,7,2-2-2-5-6,UTC+3,66,0,1,1,0,0,0,3.0,1.0,normal,0
7b8339d7-a248-4619-88e6-84ca28048be2,18,yes,CN,5,no,13.195.193.246,8,8-3-4-1-4,UTC+1,86,0,1,0,0,1,0,1.0,2.0,normal,0
ca5a923b-7533-4ca9-b965-23548a410f3b,18,yes,ES,6,no,90.254.235.187,8,1-1-6-5-4,UTC+3,77,0,1,0,0,1,0,3.0,2.0,normal,0
4947e587-b06b-4a66-882e-e18f4e08cc0c,6,no,ES,2,no,154.106.70.5,10,2-5-6-3-1,UTC-7,95,1,0,0,1,0,0,-7.0,4.0,suspected abuse,1
3dd7d33e-592a-4abc-8d32-3c9ca6460303,13,yes,FR,1,yes,162.102.179.57,11,3-2-6-1-5,UTC+8,85,0,1,1,0,0,0,8.0,1.0,normal,0
b9700acf-49cd-419c-935b-47b4be5c0bdf,17,yes,ES,7,no,219.193.93.67,9,6-4-8-7-4,UTC-5,45,0,1,0,0,1,0,-5.0,2.0,normal,0
11765417-2e76-4640-aa6b-5c111027540b,7,no,FR,1,yes,219.6.153.142,14,3-6-7-1-6,UTC-5,93,1,0,1,1,0,0,-5.0,5.0,normal,0
7c989e4d-a3d6-40bf-a3d5-48c626e6319f,16,yes,DE,3,no,33.225.200.179,15,6-8-7-8-1,UTC-7,74,0,1,0,0,0,0,-7.0,0.0,normal,0
25762ac8-6587-419d-87d2-9da214c37445,13,no,CN,3,no,118.92.58.61,4,9-8-6-9-6,UTC+3,70,0,0,0,0,0,0,3.0,2.0,normal,0
2fd76567-e08f-4b0a-ad6f-a9f1a20b790b,14,no,ES,3,yes,184.162.151.167,6,9-6-9-4-6,UTC+8,86,0,0,1,0,0,0,8.0,3.0,normal,0
0b4204a1-7302-48f4-825d-af59ddbd862f,10,no,ES,2,yes,106.76.47.115,4,1-5-3-2-8,UTC-7,95,0,0,1,0,0,0,-7.0,3.0,normal,0
980ec5bb-25c2-467c-95d2-765499628f47,19,yes,CN,6,no,193.199.166.155,6,2-1-5-8-1,UTC+3,49,0,1,0,0,1,0,3.0,2.0,normal,0
af02bcb1-ca4b-4437-a445-5708447ded8c,11,yes,JP,6,yes,135.46.171.247,12,2-4-9-6-6,UTC+0,72,0,1,1,0,1,0,0.0,3.0,normal,0
a49462d1-a4e7-4c92-a527-536b7fe30efe,16,yes,ES,7,no,96.97.138.204,1,6-9-2-6-6,UTC-5,44,0,1,0,0,1,0,-5.0,2.0,normal,0
38a2ea20-5637-41a0-8f91-10878cfe9641,6,no,EN,1,yes,169.248.68.135,13,4-6-9-9-2,UTC+0,70,1,0,1,1,0,0,0.0,5.0,confirmed compromise,1
f6cd9cbd-4e67-44b8-a40b-213b96bc1232,17,no,CN,5,no,189.20.237.168,14,7-9-9-6-7,UTC+8,76,1,0,0,0,1,0,8.0,4.0,suspected abuse,1
26fd52aa-7476-47a7-b179-60e9e85564de,14,no,FR,9,no,209.2.187.88,9,4-9-2-5-4,UTC+1,33,1,0,0,0,1,0,1.0,4.0,confirmed compromise,1
7e5dc834-ec10-420e-9d9f-561e2352aeba,12,no,FR,5,yes,196.82.49.170,3,7-7-1-8-3,UTC-5,20,1,0,1,0,1,0,-5.0,5.0,confirmed compromise,1
58c8c1a5-9a21-4198-8873-7522b4c5c212,13,yes,ES,7,yes,43.185.137.175,2,2-2-5-4-9,UTC+0,105,0,1,1,0,1,0,0.0,3.0,normal,0
828d3f7a-6030-4689-8d26-2662ab72b112,8,yes,FR,2,no,183.165.137.9,7,6-5-2-8-7,UTC+0,69,0,1,0,1,0,0,0.0,2.0,normal,0
4e9b2519-0a29-40cf-aa33-5046b9af863d,16,no,CN,8,no,179.71.176.190,6,1-1-4-6-5,UTC+1,39,1,0,0,0,1,0,1.0,4.0,normal,0
255b81ed-4295-4b2c-b443-5a43a84a4ec9,19,no,CN,5,no,202.38.130.246,10,4-9-4-2-4,UTC+3,37,1,0,0,0,1,0,3.0,4.0,confirmed compromise,1
2e2244f9-1e95-4b19-a26b-995af3d274f8,15,no,EN,4,no,139.189.208.211,12,7-9-7-3-8,UTC-7,35,0,0,0,0,0,0,-7.0,2.0,normal,0
a72e264a-21da-4220-8025-7e47b267febb,7,yes,CN,2,yes,152.154.209.41,2,5-6-6-8-5,UTC-5,37,0,1,1,1,0,0,-5.0,3.0,normal,0
d437338a-36a6-45ca-9e0c-d443ecf4e4fe,18,no,FR,10,no,172.251.234.76,7,7-7-9-4-9,UTC-7,85,1,0,0,0,1,0,-7.0,4.0,confirmed compromise,1
e5045dea-ab2e-44db-aa6d-854fa6d1324b,6,no,ES,10,no,17.4.64.59,7,3-3-4-3-1,UTC+1,22,1,0,0,1,1,0,1.0,6.0,suspected abuse,1
4f834951-421a-4c68-940f-7d9bc949de97,14,yes,DE,3,yes,17.21.150.2,6,5-4-3-9-2,UTC+0,32,0,1,1,0,0,0,0.0,1.0,normal,0
aa21d36f-c3a5-4d0b-8f3e-2b70705a8cae,6,no,JP,10,yes,136.200.33.248,11,9-6-1-5-1,UTC-7,22,1,0,1,1,1,0,-7.0,7.0,suspected abuse,1
5c845756-55c4-419d-ade0-fe7ad753af54,16,no,EN,6,no,110.74.93.237,8,3-8-2-7-8,UTC+1,88,1,0,0,0,1,0,1.0,4.0,normal,0
d1bf1afe-e8cf-4568-9b08-9cdbf9fb36c3,9,yes,CN,3,no,118.58.133.151,14,6-2-2-8-4,UTC+3,27,0,1,0,1,0,0,3.0,2.0,normal,0
c28f5627-0793-4df0-996f-b5e66b3fe011,12,yes,ES,7,no,201.58.32.31,15,9-6-7-1-1,UTC+1,24,0,1,0,0,1,0,1.0,2.0,normal,0
a49bb116-85b6-46b8-a7ce-a561fc45efbd,17,yes,EN,8,no,46.155.195.57,7,7-6-2-3-3,UTC+8,97,0,1,0,0,1,0,8.0,2.0,normal,0
352d0126-16e1-4b34-9f00-a7daa3c8a33a,20,no,CN,10,yes,199.121.20.100,5,7-8-6-9-8,UTC+1,42,1,0,1,0,1,0,1.0,5.0,confirmed compromise,1
c2e5626c-5ddc-4916-bf54-4ee8a7305e52,6,no,JP,1,no,147.246.69.118,1,3-1-8-5-1,UTC-7,67,1,0,0,1,0,0,-7.0,4.0,confirmed compromise,1
294d58a6-7cb4-4f50-ba53-b1bd02c66897,12,yes,ES,6,no,90.155.173.172,6,6-9-7-1-2,UTC-5,108,0,1,0,0,1,0,-5.0,2.0,suspected abuse,1
367c4750-bd6d-49cc-94f3-03c44a4099e0,13,yes,JP,2,yes,159.53.91.60,2,7-9-3-1-5,UTC+0,46,0,1,1,0,0,0,0.0,1.0,suspected abuse,1
0ff0333e-2c19-463f-84c3-db62524eb262,6,yes,DE,2,no,179.241.247.131,13,2-3-1-8-4,UTC+3,52,0,1,0,1,0,0,3.0,2.0,normal,0
b1163c6d-8597-4d08-9842-27c80e4270a0,15,yes,DE,4,no,138.193.88.200,15,5-7-9-5-9,UTC+8,79,0,1,0,0,0,0,8.0,0.0,normal,0
82542ff3-806a-4af2-88fc-43da5b1ed06b,14,yes,JP,10,no,29.68.115.206,7,1-5-6-4-2,UTC-7,78,0,1,0,0,1,0,-7.0,2.0,normal,0
3780dbd7-bdfe-4b25-82e1-1e59af2fba87,11,no,FR,8,no,13.246.46.6,11,4-7-4-4-8,UTC-5,58,1,0,0,0,1,0,-5.0,4.0,suspected abuse,1
5b2b9cc9-7fe4-41c7-a430-619b083c3337,17,no,DE,5,no,137.148.67.157,15,6-3-8-7-7,UTC-7,70,1,0,0,0,1,0,-7.0,4.0,confirmed compromise,1
23792bd8-f6f0-475a-bd2c-0925badebca6,19,yes,JP,4,no,192.21.10.31,1,6-1-2-1-9,UTC-7,56,0,1,0,0,0,0,-7.0,0.0,suspected abuse,1
7cd33f1d-3373-43a8-9bcd-d9d3f393b0ee,20,no,DE,3,yes,199.184.157.240,4,9-6-6-1-5,UTC+8,63,0,0,1,0,0,0,8.0,3.0,normal,0
8604a4e4-7659-4eb5-9e69-480d4feb1d7b,19,yes,CN,4,no,125.141.128.230,3,2-5-3-7-6,UTC+3,77,0,1,0,0,0,0,3.0,0.0,suspected abuse,1
b19519c9-b4bb-4ec2-bfeb-1dc64c9434b4,14,no,ES,10,no,53.13.24.132,4,1-6-9-1-7,UTC+1,66,1,0,0,0,1,0,1.0,4.0,suspected abuse,1
4ae0d8f7-f3c4-4d5c-a03a-7339082d25b1,15,yes,CN,8,yes,164.87.242.0,15,2-7-7-4-5,UTC+8,34,0,1,1,0,1,0,8.0,3.0,normal,0
8c8c07a3-e44f-4226-a79a-874b732ba0f4,14,yes,EN,10,yes,149.117.14.211,15,4-3-2-3-4,UTC+3,110,0,1,1,0,1,0,3.0,3.0,normal,0
5bc9b9ba-8f35-4103-be43-f725c05eaf68,19,yes,ES,8,yes,35.49.39.243,8,9-3-3-5-9,UTC-7,109,0,1,1,0,1,0,-7.0,3.0,normal,0
934821f8-3d8b-4cbc-a966-60e7894fbef5,12,yes,ES,8,no,146.102.202.93,4,9-5-4-7-3,UTC+3,61,0,1,0,0,1,0,3.0,2.0,normal,0
f1e5befd-d767-46e0-ba8b-8ae1d3d3cca6,12,yes,EN,7,no,33.139.248.97,9,8-1-7-9-4,UTC+8,45,0,1,0,0,1,0,8.0,2.0,normal,0
b567b8f4-8671-4507-a0e4-c039df2a34c0,14,yes,DE,5,no,29.161.62.110,10,5-5-3-3-5,UTC-7,45,0,1,0,0,1,0,-7.0,2.0,normal,0
e7c0b675-d614-4b70-91ff-9968cb0279f8,11,yes,CN,3,yes,159.77.17.253,10,9-1-7-2-2,UTC+8,46,0,1,1,0,0,0,8.0,1.0,normal,0
d8a2d099-971a-43e4-8c08-55fbc117fbcb,7,no,EN,1,no,62.243.86.134,3,3-2-8-8-8,UTC+8,37,1,0,0,1,0,0,8.0,4.0,confirmed compromise,1
9249a319-b1e5-42a3-8861-b7d26ac5f68a,8,yes,EN,2,yes,43.103.134.215,7,7-1-5-2-9,UTC+3,54,0,1,1,1,0,0,3.0,3.0,normal,0
d24f70ad-5155-47b4-b771-dafe6e102fca,16,yes,DE,4,yes,203.84.241.184,13,7-9-7-9-3,UTC-5,35,0,1,1,0,0,0,-5.0,1.0,normal,0
8ba4e404-1950-4513-8ccd-64e7f8778905,17,yes,FR,6,no,214.195.142.176,6,4-2-9-7-3,UTC+8,76,0,1,0,0,1,0,8.0,2.0,normal,0
c3ffe9b4-ea8e-4dd4-938e-565c089fcdbc,13,no,FR,7,no,220.120.172.74,1,6-8-2-9-2,UTC-5,71,1,0,0,0,1,0,-5.0,4.0,confirmed compromise,1
a6e6f362-0266-4d3f-a424-06ac825af94c,10,no,CN,7,no,130.186.3.225,10,1-4-6-6-8,UTC-5,84,1,0,0,0,1,0,-5.0,4.0,confirmed compromise,1
4ca4dade-039a-4720-916e-b229a7b2fd5f,17,no,JP,1,yes,152.75.113.33,1,1-4-8-9-6,UTC+8,69,0,0,1,0,0,0,8.0,3.0,normal,0
a24e2057-ade3-42b6-b584-43dc9940a28a,19,no,CN,9,no,192.201.164.86,11,3-5-9-9-5,UTC+0,96,1,0,0,0,1,0,0.0,4.0,normal,0
334d48f5-42fa-4a62-a483-48cb28bf06cc,18,no,CN,8,no,207.53.185.248,4,3-1-8-9-6,UTC+1,86,1,0,0,0,1,0,1.0,4.0,confirmed compromise,1
612ae083-db7d-4296-8ec3-5ac30b93894d,11,no,ES,9,no,175.248.176.200,13,7-7-3-7-4,UTC+1,82,1,0,0,0,1,0,1.0,4.0,confirmed compromise,1
868e59a8-975e-4d8d-a814-8a91251880b2,8,no,FR,1,yes,172.236.86.21,8,7-2-1-4-9,UTC+8,91,1,0,1,1,0,0,8.0,5.0,confirmed compromise,1
3c59cfbc-d24c-403a-aa27-eaa006b8b5ae,19,no,FR,8,no,145.106.242.210,11,3-8-2-9-1,UTC-7,79,1,0,0,0,1,0,-7.0,4.0,confirmed compromise,1
42401bdc-930b-4afa-9bae-ea9c86dcae79,14,yes,EN,2,yes,211.202.185.137,12,8-2-5-6-8,UTC+1,90,0,1,1,0,0,0,1.0,1.0,normal,0
bafc8408-cb2c-4bfd-bfd9-2628f68eea11,18,no,JP,6,no,223.136.127.196,13,2-9-9-5-7,UTC+0,64,1,0,0,0,1,0,0.0,4.0,normal,0
ba3bd082-ab44-43a0-9aee-a5a576efd686,19,yes,EN,1,no,215.19.5.143,9,3-8-2-2-7,UTC-7,92,0,1,0,0,0,0,-7.0,0.0,normal,0
740de903-d0fe-436a-ad50-ebd1faf4e452,18,yes,DE,1,yes,196.60.246.6,9,4-1-3-5-4,UTC+1,35,0,1,1,0,0,0,1.0,1.0,normal,0
f0346bb1-5121-40b7-8cd9-87fe0ed6ea95,9,yes,ES,6,no,124.192.46.139,10,9-4-7-1-2,UTC-7,66,1,1,0,1,1,0,-7.0,4.0,confirmed compromise,1
b2c3444d-455e-49f1-b5b7-cc4fdcbe0ed9,12,no,ES,8,yes,218.229.218.3,12,7-8-3-1-5,UTC+3,94,1,0,1,0,1,0,3.0,5.0,confirmed compromise,1
edc2ce15-3832-4149-a93d-20be1dfe4d12,18,no,ES,2,yes,90.189.234.206,11,4-3-6-4-4,UTC-7,48,0,0,1,0,0,0,-7.0,3.0,normal,0
3c520e61-62fb-4056-bb31-10910d1fd4f4,7,no,DE,3,no,77.52.12.206,14,8-9-2-3-3,UTC-7,22,1,0,0,1,0,0,-7.0,4.0,confirmed compromise,1
ae77f51f-0973-4710-b297-d59730586024,12,yes,EN,6,yes,158.152.17.126,3,7-5-9-5-6,UTC+1,65,0,1,1,0,1,0,1.0,3.0,normal,0
01a6f47e-491f-4c46-ad20-46a44f6eb561,8,no,ES,5,yes,218.150.14.102,13,8-1-4-9-7,UTC-7,45,1,0,1,1,1,0,-7.0,7.0,confirmed compromise,1
43b54cf5-dca3-4d95-baf2-b0491163f48e,20,no,FR,9,no,51.119.78.247,11,5-4-7-5-1,UTC+0,48,1,0,0,0,1,0,0.0,4.0,confirmed compromise,1
27814e81-d886-40db-a536-173ce39ba9cc,10,yes,ES,6,yes,15.144.202.199,1,4-5-5-8-5,UTC+8,35,0,1,1,0,1,0,8.0,3.0,normal,0
f84a2449-18e1-471e-a77a-f16e4c311d96,17,no,DE,7,yes,214.50.250.230,9,8-5-1-4-5,UTC+8,83,1,0,1,0,1,0,8.0,5.0,normal,0
1be12d60-2bbd-4cba-8e13-4c81b57c1233,15,no,JP,8,yes,217.220.203.101,7,9-8-4-8-9,UTC+3,117,1,0,1,0,1,0,3.0,5.0,normal,0
c56d636f-66eb-4523-963f-5e00f58a06f0,13,yes,ES,9,yes,215.246.110.43,13,6-1-2-6-3,UTC-5,85,0,1,1,0,1,0,-5.0,3.0,normal,0
84bee1d0-115b-4e82-8267-ea617012d742,20,yes,CN,7,no,153.136.179.27,8,6-9-1-4-9,UTC+0,61,0,1,0,0,1,0,0.0,2.0,normal,0
9ea2ccdb-0d31-4422-bbaa-1d5b1170c397,9,no,CN,4,no,160.188.144.165,8,3-6-7-2-4,UTC+1,111,1,0,0,1,0,0,1.0,4.0,normal,0
bb5935db-b8b5-4187-b3af-8a941612d5ac,15,yes,JP,4,yes,223.162.185.171,2,4-4-6-8-4,UTC+8,20,0,1,1,0,0,0,8.0,1.0,suspected abuse,1
4b611588-2a0c-4a19-9f27-48de6e678d2f,19,no,ES,3,yes,131.80.124.251,10,7-7-2-1-8,UTC+0,67,0,0,1,0,0,0,0.0,3.0,normal,0
a5e978b6-8a2d-47ed-8a54-3b3ad63837ba,15,yes,FR,5,yes,188.105.34.0,1,1-5-9-2-2,UTC-7,76,0,1,1,0,1,0,-7.0,3.0,normal,0
fedc1eca-f988-4f53-b815-fb39b7294298,17,no,EN,7,no,33.160.126.120,5,1-5-3-9-8,UTC+1,93,1,0,0,0,1,0,1.0,4.0,confirmed compromise,1
9c5f442f-5d85-4baa-b6ef-3967daccfb58,9,no,JP,6,no,217.131.97.247,5,5-9-9-4-4,UTC-5,56,1,0,0,1,1,0,-5.0,6.0,confirmed compromise,1
362c482d-e92f-47a1-864a-fd47cf6f264c,9,yes,ES,5,yes,193.107.133.63,14,5-4-4-4-4,UTC+8,44,1,1,1,1,1,0,8.0,5.0,normal,0
7c4dc57d-59f5-4a08-97f7-a57a09bc2176,6,yes,CN,10,yes,97.79.2.87,13,2-3-9-9-7,UTC+1,90,1,1,1,1,1,0,1.0,5.0,confirmed compromise,1
a64b5372-5629-4e6a-a35c-ae3d27ea2f18,19,no,ES,1,no,140.167.7.200,9,4-1-1-5-4,UTC+3,114,0,0,0,0,0,0,3.0,2.0,suspected abuse,1
b8b1b8a9-f811-4144-9f83-d1147f5c1ded,15,yes,ES,5,no,203.56.159.237,5,3-6-1-2-6,UTC+1,109,0,1,0,0,1,0,1.0,2.0,normal,0
41dbdeab-d0c9-48a1-af13-045527f623d9,7,yes,EN,4,no,128.203.192.168,9,5-5-6-8-7,UTC+8,35,0,1,0,1,0,0,8.0,2.0,normal,0
06f27513-cb1f-4419-96df-7854ef24f042,15,no,EN,5,yes,186.227.254.207,2,6-4-4-8-8,UTC-5,74,1,0,1,0,1,0,-5.0,5.0,suspected abuse,1
37903f6c-70fa-4bb6-97d1-82b71bea4c3a,19,yes,EN,7,yes,9.140.36.44,11,2-1-1-6-6,UTC-7,40,0,1,1,0,1,0,-7.0,3.0,normal,0
89d3c738-afad-4d8a-8592-fcd46edcfd17,11,no,JP,2,no,211.119.61.138,14,7-8-8-9-5,UTC+3,62,0,0,0,0,0,0,3.0,2.0,normal,0
516b9849-b439-4a69-9f32-b6ec284a1969,15,yes,ES,2,no,207.230.112.3,8,4-6-1-6-9,UTC+8,110,0,1,0,0,0,0,8.0,0.0,normal,0
600c9138-df37-4b98-a498-a24abf02092b,20,yes,FR,4,no,39.127.172.98,13,3-1-9-6-4,UTC+3,100,0,1,0,0,0,0,3.0,0.0,normal,0
9b2615e8-9017-4ad1-999c-1cbbe9c3d704,10,yes,EN,10,no,187.52.50.118,4,8-6-6-1-1,UTC-7,37,0,1,0,0,1,0,-7.0,2.0,normal,0
a835efca-e437-4463-a44c-ee356457422e,12,no,DE,9,no,27.201.48.17,15,4-9-5-8-2,UTC-5,50,1,0,0,0,1,0,-5.0,4.0,confirmed compromise,1
cc6af40a-ea9f-4d6b-b42e-66373e6a0fc2,18,yes,EN,4,no,153.153.216.241,7,2-1-7-8-7,UTC+8,61,0,1,0,0,0,0,8.0,0.0,normal,0
4b15f52f-f59a-4daf-b7bb-66bc30a16768,14,no,JP,3,no,59.186.182.176,7,8-1-2-2-5,UTC+1,88,0,0,0,0,0,0,1.0,2.0,normal,0
7fb83966-e543-497a-95f4-f068a380f11b,10,yes,ES,3,yes,19.93.215.180,11,4-8-1-8-2,UTC+1,21,0,1,1,0,0,0,1.0,1.0,normal,0
75aac78e-570b-4599-a355-8ae5d48176b1,7,no,ES,6,no,28.153.148.102,15,4-5-6-6-5,UTC+8,114,1,0,0,1,1,0,8.0,6.0,confirmed compromise,1
8b7ec7ce-5ee2-4e84-8531-bb961743d299,16,yes,ES,3,yes,65.226.110.242,6,1-3-4-3-5,UTC+0,102,0,1,1,0,0,0,0.0,1.0,normal,0
4b116ec5-3551-4588-adde-2b5faeb59e59,12,no,JP,8,yes,172.238.113.102,8,5-3-2-1-1,UTC-7,79,1,0,1,0,1,0,-7.0,5.0,confirmed compromise,1
71a4028d-794c-4f5e-8b0e-ad3aa477745e,9,no,EN,4,yes,120.202.34.140,1,4-3-2-4-3,UTC-7,56,1,0,1,1,0,0,-7.0,5.0,confirmed compromise,1
b44839a9-ed16-4344-ba3d-fe31076ee533,10,yes,CN,6,no,160.146.221.169,13,5-2-6-8-1,UTC+3,102,0,1,0,0,1,0,3.0,2.0,normal,0
4e1057a3-39b9-41bf-8c57-f5936ef49c14,19,yes,EN,8,yes,125.178.235.46,13,4-3-6-2-4,UTC+0,38,0,1,1,0,1,0,0.0,3.0,normal,0
86f38398-9ef1-4d72-9182-e5f050d28e80,12,yes,CN,10,yes,102.57.107.41,10,1-8-6-6-7,UTC+8,112,0,1,1,0,1,0,8.0,3.0,normal,0
1adccfc9-8343-4323-81bd-ce4fe84e189c,9,no,FR,1,no,215.186.7.28,4,5-7-9-6-1,UTC+8,76,1,0,0,1,0,0,8.0,4.0,suspected abuse,1
05f72486-08b2-4d65-a92b-21169c08d9e5,15,yes,CN,6,yes,202.220.124.43,2,7-7-8-8-5,UTC+8,61,0,1,1,0,1,0,8.0,3.0,normal,0
e6e3efbf-9cb1-4e86-9ec9-c3024192af83,20,yes,EN,7,yes,222.232.118.36,7,1-1-2-1-8,UTC+8,94,0,1,1,0,1,0,8.0,3.0,normal,0
a69d4454-617e-46b7-b250-8da3fc4570dc,12,no,FR,9,yes,87.197.190.75,10,2-6-2-7-5,UTC+3,51,1,0,1,0,1,0,3.0,5.0,confirmed compromise,1
6b9d5442-9b47-412c-b66a-074d65392fda,18,yes,FR,10,yes,161.12.253.203,2,5-5-7-1-1,UTC+1,82,0,1,1,0,1,0,1.0,3.0,normal,0
d46e2c0b-93ec-420b-96d6-95da4f04b8e1,9,yes,EN,6,yes,27.150.65.55,14,8-4-2-6-3,UTC-5,120,1,1,1,1,1,0,-5.0,5.0,confirmed compromise,1
0b72f493-d25a-407f-aca6-ce1e27654970,11,yes,FR,9,yes,177.223.3.50,3,5-8-2-7-6,UTC-7,119,0,1,1,0,1,0,-7.0,3.0,normal,0
f5cfc432-473f-4671-9334-a65271a33616,15,yes,DE,5,no,69.154.13.56,12,2-5-1-2-2,UTC+3,21,0,1,0,0,1,0,3.0,2.0,normal,0
6917b0c0-8968-41bc-be91-3eccae8ad7ca,6,yes,FR,7,yes,113.234.199.38,12,2-8-8-5-5,UTC-7,46,1,1,1,1,1,0,-7.0,5.0,confirmed compromise,1
73d80288-2eb7-445d-9422-5e318c10e1a8,12,no,JP,5,yes,91.125.46.229,12,1-4-9-9-2,UTC+3,55,1,0,1,0,1,0,3.0,5.0,suspected abuse,1
1516a7a9-7350-4610-aef7-ba08af502d5f,14,yes,FR,4,no,88.102.172.175,7,4-1-5-4-4,UTC+1,88,0,1,0,0,0,0,1.0,0.0,normal,0
2bdc2f80-c7bf-42c8-9ad8-19244590aea9,13,yes,FR,5,no,197.136.173.243,2,8-6-8-8-1,UTC+3,83,0,1,0,0,1,0,3.0,2.0,normal,0
064b9348-e774-49ac-969d-ee0de8bebc8b,6,no,JP,1,no,201.142.209.15,15,4-6-9-8-1,UTC+0,32,1,0,0,1,0,0,0.0,4.0,suspected abuse,1
cd86193b-2e04-4558-a7b8-2381a1eb61ec,13,yes,DE,7,no,165.67.42.241,11,8-2-3-2-6,UTC-7,66,0,1,0,0,1,0,-7.0,2.0,normal,0
91a4b3af-d162-4db9-b69a-ce3d2ce77625,14,yes,FR,8,no,84.42.148.16,4,4-2-9-7-5,UTC-5,43,0,1,0,0,1,0,-5.0,2.0,normal,0
4ebdecf4-9466-4796-99d8-a89fbbe3fb68,17,yes,DE,4,yes,222.135.162.145,10,4-4-8-4-4,UTC+1,111,0,1,1,0,0,0,1.0,1.0,normal,0
80a2e334-8dd3-4af8-8655-e46c9321f21e,12,no,FR,3,yes,165.203.126.123,4,8-5-7-7-2,UTC+0,113,0,0,1,0,0,0,0.0,3.0,normal,0
bc929255-665e-42d4-b055-17c17e396386,14,yes,FR,10,yes,44.2.21.179,7,4-2-5-2-5,UTC+3,39,0,1,1,0,1,0,3.0,3.0,suspected abuse,1
cd33291a-cb76-470a-a3f5-0b0b840180dd,13,no,DE,7,yes,158.233.54.80,3,8-3-5-8-9,UTC+1,80,1,0,1,0,1,0,1.0,5.0,suspected abuse,1
fc9a4ca4-9f86-4455-8543-34e841b74e78,9,no,JP,2,no,106.45.215.217,3,1-1-2-4-2,UTC-7,72,1,0,0,1,0,0,-7.0,4.0,confirmed compromise,1
de34e651-a8a9-4e06-bcff-3bbbb754260d,12,no,DE,8,no,141.50.244.233,6,4-6-5-5-8,UTC-7,23,1,0,0,0,1,0,-7.0,4.0,confirmed compromise,1
061a99c8-120b-4433-a400-ed2a4fb00536,13,yes,FR,6,no,115.15.62.75,14,9-3-9-4-3,UTC+1,99,0,1,0,0,1,0,1.0,2.0,normal,0
0c6fe88e-9445-4ff0-bf2a-96f3df295ec2,19,no,FR,7,no,193.255.251.102,4,8-5-2-2-1,UTC+3,103,1,0,0,0,1,0,3.0,4.0,confirmed compromise,1
3424d354-dbc3-4bdf-a35a-f86cc6a06407,14,no,DE,9,no,192.166.9.161,2,7-2-6-1-9,UTC+1,54,1,0,0,0,1,0,1.0,4.0,suspected abuse,1
c9ec977f-cb26-43f0-b923-da4f1ec652e5,8,no,FR,4,yes,194.61.253.95,12,6-9-1-4-9,UTC+3,48,1,0,1,1,0,0,3.0,5.0,confirmed compromise,1
b7772c93-e9da-4452-b688-ebdbc647f626,7,yes,FR,6,yes,130.31.6.14,15,3-9-5-7-2,UTC+1,75,1,1,1,1,1,0,1.0,5.0,confirmed compromise,1
75ce495d-2b26-4b5a-ac4e-3bdcefb15d43,19,no,DE,1,no,193.187.201.93,3,7-7-6-3-4,UTC-5,44,0,0,0,0,0,0,-5.0,2.0,normal,0
047d0cde-24f0-4720-920e-9bd59140d54f,13,yes,ES,9,no,82.203.41.85,7,4-3-5-4-1,UTC+3,35,0,1,0,0,1,0,3.0,2.0,normal,0
4c5dd30c-5c63-474a-b370-0f9f8ed82eb6,10,no,JP,4,yes,47.136.21.222,7,2-2-4-8-7,UTC+3,55,0,0,1,0,0,0,3.0,3.0,normal,0
b1457376-b003-4d98-b418-b5edf7a7b7e3,12,yes,CN,4,yes,162.69.218.171,13,8-1-9-2-3,UTC+1,36,0,1,1,0,0,0,1.0,1.0,normal,0
5ba1522b-022b-40e4-bb6f-7f153158196d,14,no,JP,5,yes,161.87.167.9,2,5-3-9-6-9,UTC+0,48,1,0,1,0,1,0,0.0,5.0,confirmed compromise,1
f9bd008c-16b3-4cf2-ab8a-d29ebbdac128,9,no,JP,3,yes,110.161.170.209,2,9-3-1-8-6,UTC+8,99,1,0,1,1,0,0,8.0,5.0,confirmed compromise,1
760ffc70-edb6-463f-98a2-bd8144161f59,10,yes,FR,7,no,66.57.4.181,1,5-5-3-8-8,UTC-7,77,0,1,0,0,1,0,-7.0,2.0,normal,0
f577d58c-f65f-45af-b3ec-5f6f19d9c71a,8,yes,JP,9,no,155.147.7.28,10,4-6-7-4-1,UTC+1,27,1,1,0,1,1,0,1.0,4.0,suspected abuse,1
ee4e3973-a269-4693-a958-6282fc9e7182,15,no,FR,2,no,95.242.154.83,8,5-2-2-6-6,UTC-7,117,0,0,0,0,0,0,-7.0,2.0,normal,0
2d9c73a2-578c-4872-b0cc-8ab1845bb629,14,yes,JP,4,no,220.215.93.240,13,1-9-3-1-5,UTC+8,87,0,1,0,0,0,0,8.0,0.0,normal,0
9e70bc56-0a93-4067-9ecc-86bfd4df5866,14,yes,EN,4,yes,93.134.81.182,5,9-3-9-3-2,UTC+8,78,0,1,1,0,0,0,8.0,1.0,normal,0
95b80f6b-9a40-421a-9e0b-3e4ecf2f0f24,18,no,EN,2,no,5.125.158.39,9,8-9-6-9-6,UTC-5,70,0,0,0,0,0,0,-5.0,2.0,normal,0
a119075e-a124-4871-991e-1cbc52e3d7a0,20,yes,EN,3,yes,153.182.36.157,10,4-3-6-3-8,UTC-7,57,0,1,1,0,0,0,-7.0,1.0,normal,0
0499dafd-2e83-45fb-85eb-9f425c504da7,7,no,DE,4,no,89.22.82.29,6,5-3-1-1-6,UTC-5,118,1,0,0,1,0,0,-5.0,4.0,suspected abuse,1
33cf3683-cddf-4018-ae4b-f1a51a0a3929,12,yes,FR,6,yes,55.173.35.100,2,8-3-7-5-9,UTC+3,115,0,1,1,0,1,0,3.0,3.0,normal,0
02dd6fed-9133-43fa-ac1d-47d1e7dbfbcd,19,yes,FR,5,no,139.100.101.233,9,6-9-7-6-9,UTC+1,45,0,1,0,0,1,0,1.0,2.0,normal,0
73c70037-b708-4bc1-bca5-cbf300c23ad6,16,yes,DE,8,no,215.158.235.168,4,7-5-5-9-5,UTC-7,88,0,1,0,0,1,0,-7.0,2.0,normal,0
2af9f1d0-09cf-44d5-a105-862fd09b5a8d,11,yes,ES,2,no,211.133.65.131,1,2-2-1-1-7,UTC-7,29,0,1,0,0,0,0,-7.0,0.0,normal,0
9e640f1a-fa1c-4a13-9a0e-e6ee433534c1,16,no,CN,8,no,195.211.187.204,2,9-2-8-2-5,UTC+0,25,1,0,0,0,1,0,0.0,4.0,suspected abuse,1
a8d60fdd-6de9-40f3-95f6-ef8defb617ad,19,no,ES,1,yes,173.165.191.95,7,2-7-7-7-2,UTC+3,113,0,0,1,0,0,0,3.0,3.0,normal,0
8ef38f13-0577-480b-8244-3df389162aad,19,yes,CN,6,yes,152.253.8.101,1,4-4-5-9-1,UTC+8,27,0,1,1,0,1,0,8.0,3.0,normal,0
4e9b49ca-89b7-4366-8d3a-9e609fc86c23,17,no,ES,10,yes,165.196.131.127,11,8-9-9-2-1,UTC+0,101,1,0,1,0,1,0,0.0,5.0,confirmed compromise,1
45b8a0ac-6c36-471e-baab-d1e5c89565ba,8,no,JP,2,yes,83.243.143.70,4,5-1-8-6-3,UTC+1,51,1,0,1,1,0,0,1.0,5.0,confirmed compromise,1
4116545b-2238-4576-a628-4aa5202978a2,7,yes,JP,7,no,21.120.157.225,8,6-4-8-1-1,UTC-5,60,1,1,0,1,1,0,-5.0,4.0,confirmed compromise,1
36563e80-3335-4d22-bd75-026044575c37,16,no,ES,5,no,185.121.85.135,3,2-1-7-8-1,UTC+8,53,1,0,0,0,1,0,8.0,4.0,confirmed compromise,1
a9a4c37f-bad4-455b-905e-e1b783f64dc3,6,yes,FR,6,no,123.102.187.110,8,1-1-3-3-1,UTC-7,70,1,1,0,1,1,0,-7.0,4.0,confirmed compromise,1
20b3b5ea-0d1f-400a-874e-1dfbcb68c397,16,no,JP,2,yes,53.133.92.13,10,1-3-5-8-6,UTC-5,78,0,0,1,0,0,0,-5.0,3.0,normal,0
3d5d74ca-d1bc-4b02-a8b6-f124993a37f2,8,no,ES,7,no,164.2.219.98,8,3-2-8-3-1,UTC-7,116,1,0,0,1,1,0,-7.0,6.0,confirmed compromise,1
46eae417-8662-4a60-bd2e-54bb8a08f36b,10,no,EN,8,yes,48.42.136.175,15,5-6-8-2-2,UTC+3,32,1,0,1,0,1,0,3.0,5.0,confirmed compromise,1
5b74bfe4-c908-45b9-aea4-4389b27a75a8,15,yes,FR,4,yes,155.199.30.159,7,2-5-5-3-8,UTC+3,40,0,1,1,0,0,0,3.0,1.0,normal,0
7f9e6aea-f6fd-405c-a46e-0b378b81f0b7,7,no,DE,8,no,180.52.34.178,3,2-6-9-7-1,UTC+8,115,1,0,0,1,1,0,8.0,6.0,normal,0
a27d55a4-93ec-4d0f-bf60-e9abc35c87e3,15,yes,FR,4,no,214.211.4.51,14,1-2-8-7-3,UTC+1,68,0,1,0,0,0,0,1.0,0.0,normal,0
a09fc76f-3d71-4ef8-8f75-beb071dc65e2,20,no,ES,3,yes,182.70.106.116,2,7-1-7-6-3,UTC+0,99,0,0,1,0,0,0,0.0,3.0,normal,0
4e2be383-e91d-4fc9-9883-a6a009690b87,12,no,ES,6,no,157.172.110.170,2,7-8-9-3-6,UTC-5,79,1,0,0,0,1,0,-5.0,4.0,confirmed compromise,1
4dae75b3-5d4b-4329-9b32-78b946ed4790,14,yes,DE,4,no,173.52.141.73,4,1-2-6-6-3,UTC-5,80,0,1,0,0,0,0,-5.0,0.0,normal,0
e9a27bc0-e36d-4b45-8b86-b2865e123376,10,no,DE,10,yes,209.117.23.236,9,8-4-1-8-7,UTC+3,86,1,0,1,0,1,0,3.0,5.0,confirmed compromise,1
dfb17959-0d54-476f-8bf3-bd41ba0ac389,15,yes,ES,7,yes,220.62.84.221,12,3-9-6-6-8,UTC+3,83,0,1,1,0,1,0,3.0,3.0,normal,0
92d4b4a3-4e48-475e-a1ae-1e09339e1b6c,7,yes,EN,8,no,175.227.101.87,4,4-4-7-3-8,UTC-5,69,1,1,0,1,1,0,-5.0,4.0,suspected abuse,1
ec9947c0-9e78-4344-a2c1-9be87623315f,20,no,EN,8,no,34.10.97.243,2,5-2-1-9-4,UTC+3,31,1,0,0,0,1,0,3.0,4.0,suspected abuse,1
31213071-ff87-4e97-81e4-233d102ec128,16,no,CN,1,no,172.45.90.33,1,8-3-2-9-4,UTC+8,28,0,0,0,0,0,0,8.0,2.0,normal,0
dfaadd70-50df-4842-9772-acc54eab3b19,7,no,EN,4,yes,201.198.214.114,11,1-5-3-8-8,UTC+0,104,1,0,1,1,0,0,0.0,5.0,suspected abuse,1
53f6837e-81ed-4dbb-8b16-efbae835b8a1,16,no,CN,8,yes,186.171.214.138,5,8-4-4-3-3,UTC+8,59,1,0,1,0,1,0,8.0,5.0,confirmed compromise,1
e974d947-fd22-4d86-8e34-50ecc419ad9f,9,no,ES,10,no,100.246.95.171,3,3-8-9-6-7,UTC+8,20,1,0,0,1,1,0,8.0,6.0,confirmed compromise,1
3a7c0d0d-0bc1-4096-92a0-b5ed9a808336,6,yes,DE,7,no,189.130.8.225,12,3-4-4-1-6,UTC+8,84,1,1,0,1,1,0,8.0,4.0,suspected abuse,1
2c1bb8d9-2ec8-44e9-9e56-ca8a2f7c5934,10,yes,EN,7,no,48.128.36.125,10,2-2-6-5-6,UTC+0,102,0,1,0,0,1,0,0.0,2.0,normal,0
a4bdee16-c460-4295-913b-3941d978698a,17,yes,ES,1,no,214.227.189.219,15,8-2-1-8-3,UTC+3,48,0,1,0,0,0,0,3.0,0.0,normal,0
618f50bb-46ba-498b-8224-645f14cd7c96,8,no,DE,3,no,210.95.188.25,13,4-7-6-1-6,UTC-5,98,1,0,0,1,0,0,-5.0,4.0,confirmed compromise,1
7390d960-5e2b-4694-b689-7ffe739a6db5,10,yes,DE,1,no,23.183.224.59,3,7-8-6-2-7,UTC-7,51,0,1,0,0,0,0,-7.0,0.0,normal,0
988c8308-e92d-46bb-974e-dee2386ceda7,14,yes,JP,6,no,215.96.182.157,15,9-3-3-1-5,UTC-7,36,0,1,0,0,1,0,-7.0,2.0,normal,0
8b15bacb-78a1-4251-8bd6-d41d675fd01d,8,no,EN,1,yes,54.238.217.83,9,3-8-2-4-7,UTC+1,49,1,0,1,1,0,0,1.0,5.0,confirmed compromise,1
f808fc00-8f44-43aa-a506-516bac73f735,20,no,FR,1,yes,192.55.69.177,1,3-7-9-6-9,UTC-5,71,0,0,1,0,0,0,-5.0,3.0,normal,0
01a548a1-c2ac-48a9-a7f7-a4b8b39c9427,11,no,JP,7,no,204.209.71.12,1,2-7-9-6-6,UTC+3,71,1,0,0,0,1,0,3.0,4.0,normal,0
9eff4838-a204-4e9b-be83-4b4b6db023fe,13,yes,FR,3,yes,101.103.91.136,4,6-2-3-5-1,UTC+0,100,0,1,1,0,0,0,0.0,1.0,normal,0
fbdbab70-6d33-467e-99bc-0ee0f39b94a3,17,yes,JP,8,yes,207.201.23.236,5,2-5-4-5-8,UTC+3,111,0,1,1,0,1,0,3.0,3.0,normal,0
d304c62d-ff3c-43cf-85cb-e83ca5ddf5d4,12,yes,FR,9,yes,207.157.131.59,4,7-1-3-4-5,UTC-5,107,0,1,1,0,1,0,-5.0,3.0,normal,0
85a85560-9e74-4c59-95a1-390abfa63ccf,9,no,ES,1,no,136.47.156.116,4,8-5-9-5-6,UTC-7,72,1,0,0,1,0,0,-7.0,4.0,suspected abuse,1
42dbaec6-0c51-4234-a9dd-d8df13ccee4c,11,yes,EN,1,no,188.27.16.198,9,1-3-4-8-5,UTC+1,95,0,1,0,0,0,0,1.0,0.0,normal,0
b3d7383e-ce64-4ab4-893d-c618b58300e8,12,yes,JP,9,yes,130.32.208.247,4,8-4-4-7-8,UTC-5,44,0,1,1,0,1,0,-5.0,3.0,normal,0
7bd61954-24d7-4b45-8e33-a936ad7bc186,13,yes,ES,9,yes,218.56.113.196,1,6-3-6-1-6,UTC+8,20,0,1,1,0,1,0,8.0,3.0,normal,0
28fa719e-e44c-4077-b0c9-95564bf6d100,14,yes,FR,8,no,81.32.126.176,13,7-5-1-2-8,UTC+3,85,0,1,0,0,1,0,3.0,2.0,normal,0
0a0903f1-ce3c-4696-baaf-7cd0d0bbd9ca,16,no,FR,6,no,211.102.133.79,13,9-8-8-8-6,UTC-7,92,1,0,0,0,1,0,-7.0,4.0,confirmed compromise,1
0077b783-94fe-4b96-963a-6e0af92fc400,15,yes,JP,6,yes,194.173.36.112,10,9-1-8-4-8,UTC-5,71,0,1,1,0,1,0,-5.0,3.0,normal,0
03b6eeac-b9f5-4487-be2c-f2506fb68b9f,17,no,ES,6,yes,191.172.144.76,10,6-2-9-4-2,UTC-5,21,1,0,1,0,1,0,-5.0,5.0,suspected abuse,1
01e4dd4d-0bac-4294-97dd-265add8b5a3b,11,no,FR,5,no,101.83.114.78,1,5-9-9-1-4,UTC+1,84,1,0,0,0,1,0,1.0,4.0,confirmed compromise,1
5510c2c4-8121-40bf-80e9-1d0eccef882e,20,no,ES,2,yes,206.15.208.6,15,6-6-3-2-2,UTC-7,85,0,0,1,0,0,0,-7.0,3.0,normal,0
92a50ac3-7b53-4b15-b032-55a52a89a495,18,yes,ES,6,no,192.175.191.4,1,4-3-8-7-5,UTC+0,97,0,1,0,0,1,0,0.0,2.0,normal,0
3148ccbf-e1e0-4a10-8b62-186c1a1e4ee9,14,yes,JP,3,no,30.67.183.229,15,2-8-1-9-6,UTC+3,22,0,1,0,0,0,0,3.0,0.0,normal,0
1a05366f-de98-40a0-ae34-b7bdce6d9e55,12,yes,EN,6,no,16.237.170.216,10,2-2-8-3-9,UTC+0,108,0,1,0,0,1,0,0.0,2.0,normal,0
468ddd39-ea21-4152-b31f-c335dea691be,6,yes,ES,10,no,141.118.164.87,2,2-4-1-1-1,UTC+0,98,1,1,0,1,1,0,0.0,4.0,suspected abuse,1
a15a1920-933e-4fb4-ba2b-ebbac1669be2,15,no,FR,3,yes,65.219.184.129,13,6-6-4-6-9,UTC+3,36,0,0,1,0,0,0,3.0,3.0,normal,0
b4e2d022-05bd-4d2f-be34-68b2bbd6851e,6,no,JP,1,no,78.187.90.80,11,4-1-7-5-6,UTC-7,48,1,0,0,1,0,0,-7.0,4.0,confirmed compromise,1
405f4630-b110-43e2-bbf5-46e2a52810e8,14,yes,EN,3,yes,119.153.44.20,12,9-4-9-3-2,UTC+0,32,0,1,1,0,0,0,0.0,1.0,normal,0
878deca7-8e18-4369-9a72-0be551148613,18,no,JP,5,no,164.87.126.151,6,8-8-5-4-2,UTC+8,31,1,0,0,0,1,0,8.0,4.0,confirmed compromise,1
2108a6d1-a402-4e34-95ee-a5ac74e013b2,14,yes,DE,2,yes,48.55.57.190,11,3-2-8-5-1,UTC+3,65,0,1,1,0,0,0,3.0,1.0,normal,0
c8bf0bca-7a42-4db3-abeb-3e7085ec2d9b,9,no,ES,1,yes,209.199.10.29,9,9-9-6-5-3,UTC-5,118,1,0,1,1,0,0,-5.0,5.0,suspected abuse,1
f4549209-a8c1-4c04-b6ff-9800beeb0efe,6,yes,FR,6,no,182.55.69.131,9,5-1-1-2-6,UTC-5,30,1,1,0,1,1,0,-5.0,4.0,suspected abuse,1
dd93ea92-466c-4e67-a79b-4a41f524edf2,15,yes,DE,10,yes,196.206.125.123,10,9-4-8-5-3,UTC-7,91,0,1,1,0,1,0,-7.0,3.0,normal,0
df79a634-294b-465b-a485-ac51363a87f6,18,yes,ES,10,no,207.12.59.9,9,9-7-6-5-9,UTC+3,40,0,1,0,0,1,0,3.0,2.0,normal,0
de0cbe73-2cb6-41e8-8e29-3297a81a600e,15,no,JP,7,yes,3.53.239.154,10,9-6-3-5-7,UTC+3,44,1,0,1,0,1,0,3.0,5.0,suspected abuse,1
6ac8a37e-562b-4b07-9308-fb49437be0dc,6,yes,ES,5,yes,187.115.17.216,9,1-7-8-5-2,UTC+3,42,1,1,1,1,1,0,3.0,5.0,confirmed compromise,1
efde7e3a-f63c-4092-9267-8e5b3f06dc75,6,no,FR,9,yes,81.116.219.13,6,3-6-8-6-9,UTC-7,28,1,0,1,1,1,0,-7.0,7.0,confirmed compromise,1
53e0225e-907e-49b5-9d17-6ee3a172bceb,10,yes,CN,5,yes,168.86.28.149,1,3-6-6-6-8,UTC+8,114,0,1,1,0,1,0,8.0,3.0,normal,0
7bbe3c54-2aba-4622-9b3f-7600cc1a453a,15,no,ES,8,yes,112.139.176.102,15,6-9-1-7-8,UTC+1,94,1,0,1,0,1,0,1.0,5.0,confirmed compromise,1
05d81ef4-2a23-48ea-833c-f972c21fa147,12,yes,FR,1,yes,211.181.198.61,10,7-5-4-9-8,UTC+0,68,0,1,1,0,0,0,0.0,1.0,normal,0
bcac12dc-f71b-4297-9448-74aa56ef02da,14,yes,ES,7,yes,194.125.85.139,2,8-7-7-4-1,UTC+0,110,0,1,1,0,1,0,0.0,3.0,normal,0
a2000d21-5660-4e3c-a404-6ea23026a7e4,15,no,JP,9,no,137.116.235.72,2,4-9-8-4-3,UTC-7,37,1,0,0,0,1,0,-7.0,4.0,suspected abuse,1
a4135d07-0e19-43cc-ab56-c40fd39c841c,19,no,CN,4,no,1.213.92.175,3,9-9-4-8-4,UTC+1,58,0,0,0,0,0,0,1.0,2.0,normal,0
e7ac875e-7c42-4fe8-bb3c-d35677fcaab7,13,no,ES,4,no,168.184.73.171,14,8-4-8-6-3,UTC-5,68,0,0,0,0,0,0,-5.0,2.0,normal,0
a92dd3f2-673e-45e3-8cb7-052225e1a08b,20,no,ES,5,yes,191.23.205.98,3,6-6-5-9-5,UTC+8,40,1,0,1,0,1,0,8.0,5.0,suspected abuse,1
7d3185b7-bf9d-43f7-a085-7596b56fea48,14,yes,CN,2,yes,193.63.195.182,12,2-1-1-1-7,UTC-5,28,0,1,1,0,0,0,-5.0,1.0,normal,0
5a9221cf-bdae-4b3a-b2e9-588341aae3fd,9,no,DE,6,yes,136.118.20.54,1,7-2-6-2-4,UTC-5,100,1,0,1,1,1,0,-5.0,7.0,confirmed compromise,1
ad8b1e11-3eb1-41cf-b61f-b1413df3da48,15,no,JP,5,yes,213.161.66.144,6,4-9-1-6-5,UTC-7,92,1,0,1,0,1,0,-7.0,5.0,suspected abuse,1
336f2b15-2376-4e38-bc39-ba8b468168ae,15,yes,EN,9,yes,166.158.24.243,1,5-9-1-8-2,UTC-7,68,0,1,1,0,1,0,-7.0,3.0,normal,0
c773dda2-500f-43f9-bd38-95416658835a,20,no,DE,2,no,187.247.180.15,4,2-9-1-1-4,UTC-5,33,0,0,0,0,0,0,-5.0,2.0,normal,0
c7b42f3c-1a57-4930-bc7d-ef7d31420e4e,9,no,ES,8,yes,148.87.63.174,2,9-8-1-1-9,UTC-5,36,1,0,1,1,1,0,-5.0,7.0,confirmed compromise,1
f77afd35-56c3-4305-a785-4fb3c4c1f24a,8,yes,CN,9,yes,43.217.18.57,15,2-4-3-9-7,UTC+1,96,1,1,1,1,1,0,1.0,5.0,suspected abuse,1
6fbbdf63-67b1-420b-93b2-781d1a8f72c1,20,yes,DE,5,no,223.7.176.13,12,1-6-5-7-5,UTC+3,38,0,1,0,0,1,0,3.0,2.0,normal,0
f948a002-cbf1-4880-a4c7-a9d9f146fe88,19,yes,EN,7,no,17.84.234.130,3,2-1-6-4-8,UTC+8,24,0,1,0,0,1,0,8.0,2.0,normal,0
f904d08c-aabb-40c6-8c8d-3447f7e3930e,9,no,JP,4,yes,170.106.68.133,8,2-7-2-3-4,UTC+0,113,1,0,1,1,0,0,0.0,5.0,confirmed compromise,1
b9877696-2ac3-451d-b792-c0493cd96a02,13,yes,DE,1,yes,62.255.234.28,6,1-9-4-8-2,UTC+3,69,0,1,1,0,0,0,3.0,1.0,normal,0
afeec33c-cd2e-4c79-bd3e-f3e4763c1817,11,no,EN,4,yes,75.33.151.101,12,6-7-1-4-5,UTC+3,49,0,0,1,0,0,0,3.0,3.0,normal,0
2f4e05de-c13e-4e8b-a68c-bb1d5dd2ad05,10,no,CN,1,yes,123.178.42.153,9,1-9-6-8-4,UTC+0,69,0,0,1,0,0,0,0.0,3.0,normal,0
659c12f4-c9b1-46cf-a194-37c5f7c7c616,20,yes,EN,1,no,132.24.227.254,3,7-9-9-1-8,UTC+1,35,0,1,0,0,0,0,1.0,0.0,normal,0
108bbe8f-eba1-4a65-a893-baa4d3585669,20,yes,FR,2,no,213.100.25.37,11,5-5-4-4-3,UTC+8,64,0,1,0,0,0,0,8.0,0.0,normal,0
e958c142-1962-4fe5-8b0d-4322736f0fa2,17,yes,EN,3,no,49.191.12.45,4,5-7-9-4-6,UTC+0,43,0,1,0,0,0,0,0.0,0.0,normal,0
9fb9890a-130f-46a6-bf90-6df8b1b0fdc3,15,yes,DE,6,no,117.64.133.157,3,9-9-6-6-9,UTC+1,74,0,1,0,0,1,0,1.0,2.0,normal,0
f12421dd-d4c6-49c3-a80b-c231fcfdac66,15,yes,CN,4,no,20.144.114.97,7,1-4-8-2-6,UTC-5,32,0,1,0,0,0,0,-5.0,0.0,normal,0
b4f20ed4-0626-4f72-a71b-278885ad607d,8,no,DE,6,yes,147.63.71.237,8,6-7-2-2-4,UTC+8,91,1,0,1,1,1,0,8.0,7.0,suspected abuse,1
838d9104-7235-466d-b025-ff4256e2e7bf,8,yes,JP,4,yes,178.219.17.159,12,7-2-8-2-1,UTC+1,68,0,1,1,1,0,0,1.0,3.0,normal,0
e3fa6b54-a5c9-40fb-a18d-abaa1b921999,20,yes,JP,8,no,145.140.142.255,11,9-3-1-8-7,UTC-7,74,0,1,0,0,1,0,-7.0,2.0,normal,0
d4cb5fca-931d-4dbb-959e-b0045c681e4c,14,yes,ES,5,yes,115.109.3.140,1,3-4-7-2-4,UTC+1,96,0,1,1,0,1,0,1.0,3.0,normal,0
5fc716ac-9686-4a00-87c4-591da7bcd553,6,no,CN,10,no,53.120.197.58,13,4-1-8-8-4,UTC-7,120,1,0,0,1,1,0,-7.0,6.0,confirmed compromise,1
db95ab4b-3ca0-4424-a3de-6981f458ad54,14,yes,ES,1,no,163.249.186.119,10,6-8-8-2-5,UTC-7,81,0,1,0,0,0,0,-7.0,0.0,normal,0
19fab7d0-0b42-445d-9905-c02dfa25caf0,20,no,FR,8,no,218.172.194.162,14,2-6-7-7-2,UTC+3,91,1,0,0,0,1,0,3.0,4.0,confirmed compromise,1
aab97933-d6c1-4c26-8d2d-ec596bd19931,19,no,DE,5,yes,49.213.122.39,12,9-3-5-2-4,UTC-7,79,1,0,1,0,1,0,-7.0,5.0,confirmed compromise,1
cb8a6a05-3533-413c-a740-0e84eaa6984d,19,yes,ES,1,no,136.134.113.119,2,3-4-5-1-1,UTC-7,99,0,1,0,0,0,0,-7.0,0.0,normal,0
9e7acb57-6f2e-439b-b633-bcdfccbcf6f3,19,no,ES,8,no,51.163.27.119,8,3-3-3-7-3,UTC-7,45,1,0,0,0,1,0,-7.0,4.0,confirmed compromise,1
a3a85953-4ca3-47b1-9ae1-0d8ba07f325b,19,yes,FR,1,yes,30.15.252.82,6,3-4-5-4-9,UTC+8,51,0,1,1,0,0,0,8.0,1.0,normal,0
e2523911-0c7f-4161-90e6-abf75ec43dd9,8,yes,ES,2,no,175.4.129.161,3,5-4-6-5-8,UTC+0,27,0,1,0,1,0,0,0.0,2.0,normal,0
7830c49a-83d2-491d-a487-056dcbb70cb9,9,yes,EN,2,no,211.227.11.133,8,6-6-6-2-2,UTC+3,37,0,1,0,1,0,0,3.0,2.0,normal,0
b304fa3a-5cee-4c32-8d1b-ca23b87eff35,19,yes,ES,1,yes,44.157.201.9,13,8-8-1-1-3,UTC+1,103,0,1,1,0,0,0,1.0,1.0,normal,0
5959eabb-cadc-4346-b074-5df64c5a524a,19,yes,JP,6,yes,198.41.200.98,1,6-4-9-1-6,UTC+1,94,0,1,1,0,1,0,1.0,3.0,normal,0
e0dc6491-61b2-46cb-b49f-d3530f93dd2a,7,yes,JP,10,yes,134.146.253.235,1,8-2-7-7-4,UTC+3,104,1,1,1,1,1,0,3.0,5.0,confirmed compromise,1
28c0b822-fbcc-4c07-8076-96b75f272531,11,yes,FR,1,yes,143.75.152.136,8,2-7-9-7-2,UTC-5,100,0,1,1,0,0,0,-5.0,1.0,normal,0
6fafd2ab-3acd-431f-970e-43fb4efc6ec7,13,no,CN,4,no,187.50.88.115,11,9-1-6-6-3,UTC+1,86,0,0,0,0,0,0,1.0,2.0,normal,0
53aabbb1-d2df-4b56-a0f8-c301a5c27139,12,yes,JP,1,no,218.64.53.45,14,8-2-4-8-2,UTC+1,49,0,1,0,0,0,0,1.0,0.0,normal,0
4c5d8979-c066-4e3d-9380-450c7f64ee1f,11,yes,ES,4,no,206.205.198.31,11,8-6-9-4-7,UTC+3,50,0,1,0,0,0,0,3.0,0.0,normal,0
a48581c8-2358-4a44-8a0f-a42d8703f90f,17,no,ES,7,yes,200.184.92.81,14,8-1-1-2-5,UTC+0,65,1,0,1,0,1,0,0.0,5.0,suspected abuse,1
10942f09-4087-48e9-8ebb-9de5c2db0266,20,yes,DE,3,yes,1.93.255.168,9,3-8-8-2-5,UTC+1,66,0,1,1,0,0,0,1.0,1.0,normal,0
ad35f2f2-0eb8-4775-948c-f011f462fffc,19,yes,FR,9,no,205.253.12.145,5,1-7-1-7-5,UTC+1,102,0,1,0,0,1,0,1.0,2.0,normal,0
f88dbbce-d09e-43e1-bf46-f0298a26f00a,10,yes,EN,6,yes,93.224.162.140,7,5-4-2-5-6,UTC-7,90,0,1,1,0,1,0,-7.0,3.0,normal,0
2aa6cb30-0181-4835-9499-98856f53b2c3,13,no,JP,10,yes,192.41.126.114,8,4-5-2-2-7,UTC-7,67,1,0,1,0,1,0,-7.0,5.0,confirmed compromise,1
76d12fd9-72a3-4e97-8f0a-962ec6dbd4fd,17,no,CN,7,no,171.69.146.68,2,7-4-9-1-1,UTC-7,41,1,0,0,0,1,0,-7.0,4.0,confirmed compromise,1
c954f9f2-661e-4a4f-98e3-562f8c463673,10,yes,FR,4,yes,193.16.169.21,2,3-3-9-5-3,UTC+8,73,0,1,1,0,0,0,8.0,1.0,suspected abuse,1
ed887326-b171-4c77-8e80-f976a6aa6045,13,yes,DE,10,yes,192.55.214.223,3,3-8-5-6-5,UTC+8,56,0,1,1,0,1,0,8.0,3.0,normal,0
44e3e43d-9aef-4eb3-bac5-6a656048cf09,18,no,ES,7,yes,173.188.162.8,15,5-4-8-3-3,UTC-5,30,1,0,1,0,1,0,-5.0,5.0,confirmed compromise,1
a02bafac-8580-4cc6-9cd9-e354eecf1cc4,8,yes,ES,3,yes,23.155.141.43,12,6-1-8-2-9,UTC+1,118,0,1,1,1,0,0,1.0,3.0,normal,0
edf73bbf-d2e0-4f52-9006-238c5a4ea09a,20,no,FR,3,yes,210.19.38.121,13,9-7-9-2-6,UTC-5,100,0,0,1,0,0,0,-5.0,3.0,normal,0
55de5a76-1817-42be-ab3a-952a571b4a59,14,yes,ES,10,yes,203.51.217.193,14,3-2-7-6-3,UTC+3,111,0,1,1,0,1,0,3.0,3.0,normal,0
2656eb14-5df6-4b9d-9317-9d4c749d35a2,10,no,ES,6,no,196.162.118.32,14,6-4-1-7-9,UTC-7,50,1,0,0,0,1,0,-7.0,4.0,confirmed compromise,1
02189227-3e54-489d-89fa-25476a2bf8a1,8,yes,FR,6,no,192.255.217.136,6,4-7-4-7-9,UTC+0,87,1,1,0,1,1,0,0.0,4.0,suspected abuse,1
b4f24d26-010a-46cb-ad69-04a9951a8d93,13,yes,DE,4,no,37.30.65.31,2,2-7-4-8-7,UTC+1,68,0,1,0,0,0,0,1.0,0.0,normal,0
dc387937-344a-4c7d-8240-0703d0c83186,16,no,CN,8,yes,181.177.62.220,8,9-4-8-6-3,UTC+8,52,1,0,1,0,1,0,8.0,5.0,confirmed compromise,1
447b2d0c-ce13-426b-aec9-d70f6027b22c,9,no,EN,5,yes,218.150.104.132,9,4-4-4-9-7,UTC-7,120,1,0,1,1,1,0,-7.0,7.0,confirmed compromise,1
9611c0f2-de5a-4d45-9474-3c7e5908bf16,11,no,EN,2,no,133.201.127.13,10,1-4-1-2-2,UTC-7,37,0,0,0,0,0,0,-7.0,2.0,normal,0
13773124-a48d-4afc-8594-6f153e1e7cfe,18,yes,DE,3,yes,162.114.238.113,13,5-2-7-1-4,UTC+0,116,0,1,1,0,0,0,0.0,1.0,normal,0
1f32b4e9-6826-4306-a945-ae45b88d65c9,10,yes,DE,1,yes,45.64.148.133,12,6-3-5-6-2,UTC+0,26,0,1,1,0,0,0,0.0,1.0,normal,0
9c8e1e77-1939-4cc8-afda-0c4f0dcd4ec3,7,yes,CN,3,no,168.251.152.233,15,3-8-9-6-2,UTC+8,98,0,1,0,1,0,0,8.0,2.0,normal,0
e5ff21fb-322f-4c5d-9425-f9a54e0871af,8,no,JP,1,yes,206.118.230.109,15,7-8-9-1-3,UTC+3,27,1,0,1,1,0,0,3.0,5.0,confirmed compromise,1
51ca44dd-5f89-4d92-bba9-7793d564df02,19,yes,JP,4,yes,173.54.109.34,5,4-1-1-1-1,UTC-5,105,0,1,1,0,0,0,-5.0,1.0,normal,0
e2607faa-b6a2-49b2-ba4b-bf49b5da2e35,7,yes,JP,4,yes,6.83.157.121,1,2-8-8-7-4,UTC+0,20,0,1,1,1,0,0,0.0,3.0,normal,0
59c111ff-c206-4c95-9913-534736af5dc6,12,no,ES,10,no,2.20.189.112,9,3-1-9-4-5,UTC-5,53,1,0,0,0,1,0,-5.0,4.0,suspected abuse,1
671cc170-ea37-48d9-a9d1-bc12d3150ace,12,yes,CN,10,yes,192.48.222.237,7,3-7-8-6-8,UTC+8,39,0,1,1,0,1,0,8.0,3.0,normal,0
3e36279a-44fb-4e97-9de2-9fda4ffe6647,20,no,FR,3,yes,151.52.141.139,5,4-8-3-9-4,UTC+8,76,0,0,1,0,0,0,8.0,3.0,normal,0
3df842f0-f7f0-4180-8543-1cc4f815157f,18,yes,DE,7,yes,125.224.168.15,4,6-6-6-5-9,UTC+1,43,0,1,1,0,1,0,1.0,3.0,normal,0
1dd86f50-2121-4e57-a6a9-b829c29ab535,17,no,FR,10,no,190.250.140.218,11,7-6-5-3-6,UTC-7,43,1,0,0,0,1,0,-7.0,4.0,confirmed compromise,1
47c7b005-d986-4ac5-9d49-a8c0a58a0056,7,no,EN,8,no,19.230.82.69,6,5-4-4-6-6,UTC+8,89,1,0,0,1,1,0,8.0,6.0,confirmed compromise,1
295ad4ce-eebb-42f0-b921-32918e45129e,6,no,CN,7,yes,125.93.68.190,5,3-9-1-6-8,UTC+0,118,1,0,1,1,1,0,0.0,7.0,confirmed compromise,1
89f559af-3779-4404-9e87-38295cfff7f3,19,yes,CN,9,yes,181.241.97.126,2,9-3-5-9-7,UTC+1,76,0,1,1,0,1,0,1.0,3.0,normal,0
